[{"model": "admin.logentry", "pk": 1, "fields": {"action_time": "2020-11-01T15:15:04.334Z", "user": 1, "content_type": 13, "object_id": "1", "object_repr": "veg box", "action_flag": 1, "change_message": "[{\"added\": {}}]"}}, {"model": "admin.logentry", "pk": 2, "fields": {"action_time": "2020-11-01T15:16:56.035Z", "user": 1, "content_type": 14, "object_id": "1", "object_repr": "Seasonal veggie box", "action_flag": 1, "change_message": "[{\"added\": {}}]"}}, {"model": "admin.logentry", "pk": 3, "fields": {"action_time": "2020-11-01T15:19:29.857Z", "user": 1, "content_type": 14, "object_id": "2", "object_repr": "fruit box", "action_flag": 1, "change_message": "[{\"added\": {}}]"}}, {"model": "admin.logentry", "pk": 4, "fields": {"action_time": "2020-11-01T21:50:41.088Z", "user": 1, "content_type": 13, "object_id": "2", "object_repr": "fruit box", "action_flag": 1, "change_message": "[{\"added\": {}}]"}}, {"model": "admin.logentry", "pk": 5, "fields": {"action_time": "2020-11-01T22:05:25.435Z", "user": 1, "content_type": 13, "object_id": "2", "object_repr": "seasonal_fruit_box", "action_flag": 2, "change_message": "[{\"changed\": {\"fields\": [\"Name\", \"Friendly name\"]}}]"}}, {"model": "admin.logentry", "pk": 6, "fields": {"action_time": "2020-11-01T22:13:36.744Z", "user": 1, "content_type": 13, "object_id": "1", "object_repr": "seasonal_veg_box", "action_flag": 2, "change_message": "[{\"changed\": {\"fields\": [\"Name\", \"Friendly name\"]}}]"}}, {"model": "admin.logentry", "pk": 7, "fields": {"action_time": "2020-11-01T22:14:34.025Z", "user": 1, "content_type": 13, "object_id": "3", "object_repr": "season_fruit_and_veg_box", "action_flag": 1, "change_message": "[{\"added\": {}}]"}}, {"model": "admin.logentry", "pk": 8, "fields": {"action_time": "2020-11-01T22:22:30.048Z", "user": 1, "content_type": 14, "object_id": "3", "object_repr": "Seasonal fruit and veg mix", "action_flag": 1, "change_message": "[{\"added\": {}}]"}}, {"model": "admin.logentry", "pk": 9, "fields": {"action_time": "2020-11-01T22:23:14.018Z", "user": 1, "content_type": 13, "object_id": "3", "object_repr": "seasonal_fruit_and_veg_box", "action_flag": 2, "change_message": "[{\"changed\": {\"fields\": [\"Name\"]}}]"}}, {"model": "admin.logentry", "pk": 10, "fields": {"action_time": "2020-11-01T22:26:03.085Z", "user": 1, "content_type": 14, "object_id": "2", "object_repr": "Seasonal Fruit Box", "action_flag": 2, "change_message": "[{\"changed\": {\"fields\": [\"Category\", \"Name\", \"Description\", \"Image\"]}}]"}}, {"model": "admin.logentry", "pk": 11, "fields": {"action_time": "2020-11-02T12:13:28.426Z", "user": 1, "content_type": 14, "object_id": "2", "object_repr": "Seasonal Fruit Box", "action_flag": 2, "change_message": "[{\"changed\": {\"fields\": [\"Image\"]}}]"}}, {"model": "admin.logentry", "pk": 12, "fields": {"action_time": "2020-11-02T23:06:26.427Z", "user": 1, "content_type": 14, "object_id": "2", "object_repr": "Seasonal Fruit Box", "action_flag": 2, "change_message": "[{\"changed\": {\"fields\": [\"Description\"]}}]"}}, {"model": "admin.logentry", "pk": 13, "fields": {"action_time": "2020-11-15T22:30:45.657Z", "user": 1, "content_type": 18, "object_id": "1", "object_repr": "Winter Subscription", "action_flag": 1, "change_message": "[{\"added\": {}}]"}}, {"model": "admin.logentry", "pk": 14, "fields": {"action_time": "2020-11-15T23:00:47.980Z", "user": 1, "content_type": 18, "object_id": "2", "object_repr": "Spring subscription", "action_flag": 1, "change_message": "[{\"added\": {}}]"}}, {"model": "admin.logentry", "pk": 15, "fields": {"action_time": "2020-11-15T23:48:16.587Z", "user": 1, "content_type": 18, "object_id": "3", "object_repr": "Summer Subscription", "action_flag": 1, "change_message": "[{\"added\": {}}]"}}, {"model": "admin.logentry", "pk": 16, "fields": {"action_time": "2020-11-16T00:10:47.610Z", "user": 1, "content_type": 18, "object_id": "4", "object_repr": "Autumn Subscription", "action_flag": 1, "change_message": "[{\"added\": {}}]"}}, {"model": "admin.logentry", "pk": 17, "fields": {"action_time": "2020-11-16T20:55:21.906Z", "user": 1, "content_type": 18, "object_id": "1", "object_repr": "Winter Subscription", "action_flag": 2, "change_message": "[{\"changed\": {\"fields\": [\"Image url\"]}}]"}}, {"model": "admin.logentry", "pk": 18, "fields": {"action_time": "2020-11-17T14:13:33.886Z", "user": 1, "content_type": 19, "object_id": "1", "object_repr": "Single", "action_flag": 1, "change_message": "[{\"added\": {}}]"}}, {"model": "admin.logentry", "pk": 19, "fields": {"action_time": "2020-11-17T14:14:16.099Z", "user": 1, "content_type": 19, "object_id": "2", "object_repr": "Double", "action_flag": 1, "change_message": "[{\"added\": {}}]"}}, {"model": "admin.logentry", "pk": 20, "fields": {"action_time": "2020-11-17T14:14:34.713Z", "user": 1, "content_type": 19, "object_id": "3", "object_repr": "Family", "action_flag": 1, "change_message": "[{\"added\": {}}]"}}, {"model": "admin.logentry", "pk": 21, "fields": {"action_time": "2020-11-17T14:19:26.125Z", "user": 1, "content_type": 19, "object_id": "3", "object_repr": "Family", "action_flag": 2, "change_message": "[{\"changed\": {\"fields\": [\"Price\", \"Price per box\"]}}]"}}, {"model": "admin.logentry", "pk": 22, "fields": {"action_time": "2020-11-17T14:19:54.262Z", "user": 1, "content_type": 19, "object_id": "3", "object_repr": "Family", "action_flag": 2, "change_message": "[{\"changed\": {\"fields\": [\"Price per box\"]}}]"}}, {"model": "admin.logentry", "pk": 23, "fields": {"action_time": "2020-11-17T14:22:42.985Z", "user": 1, "content_type": 19, "object_id": "2", "object_repr": "Double", "action_flag": 2, "change_message": "[{\"changed\": {\"fields\": [\"Price\", \"Price per box\"]}}]"}}, {"model": "admin.logentry", "pk": 24, "fields": {"action_time": "2020-11-17T14:23:16.593Z", "user": 1, "content_type": 19, "object_id": "1", "object_repr": "Single", "action_flag": 2, "change_message": "[{\"changed\": {\"fields\": [\"Price\", \"Price per box\"]}}]"}}, {"model": "admin.logentry", "pk": 25, "fields": {"action_time": "2020-11-17T17:01:34.129Z", "user": 1, "content_type": 19, "object_id": "1", "object_repr": "Single", "action_flag": 2, "change_message": "[{\"changed\": {\"fields\": [\"Description\"]}}]"}}, {"model": "admin.logentry", "pk": 26, "fields": {"action_time": "2020-11-17T18:33:35.194Z", "user": 1, "content_type": 18, "object_id": "1", "object_repr": "Winter Subscription", "action_flag": 2, "change_message": "[{\"changed\": {\"fields\": [\"Image\"]}}]"}}, {"model": "admin.logentry", "pk": 27, "fields": {"action_time": "2020-11-17T20:16:10.066Z", "user": 1, "content_type": 18, "object_id": "3", "object_repr": "Summer Subscription", "action_flag": 2, "change_message": "[{\"changed\": {\"fields\": [\"Image\"]}}]"}}, {"model": "admin.logentry", "pk": 28, "fields": {"action_time": "2020-11-17T23:24:33.179Z", "user": 1, "content_type": 19, "object_id": "3", "object_repr": "Family", "action_flag": 2, "change_message": "[{\"changed\": {\"fields\": [\"Description\"]}}]"}}, {"model": "admin.logentry", "pk": 29, "fields": {"action_time": "2020-11-17T23:25:24.730Z", "user": 1, "content_type": 19, "object_id": "2", "object_repr": "Double", "action_flag": 2, "change_message": "[{\"changed\": {\"fields\": [\"Description\"]}}]"}}, {"model": "admin.logentry", "pk": 30, "fields": {"action_time": "2020-11-17T23:25:30.548Z", "user": 1, "content_type": 19, "object_id": "3", "object_repr": "Family", "action_flag": 2, "change_message": "[{\"changed\": {\"fields\": [\"Description\"]}}]"}}, {"model": "admin.logentry", "pk": 31, "fields": {"action_time": "2020-11-17T23:25:38.320Z", "user": 1, "content_type": 19, "object_id": "1", "object_repr": "Single", "action_flag": 2, "change_message": "[{\"changed\": {\"fields\": [\"Description\"]}}]"}}, {"model": "admin.logentry", "pk": 32, "fields": {"action_time": "2020-11-17T23:28:59.554Z", "user": 1, "content_type": 18, "object_id": "4", "object_repr": "Autumn Subscription", "action_flag": 2, "change_message": "[{\"changed\": {\"fields\": [\"Description\", \"Vegetables\"]}}]"}}, {"model": "admin.logentry", "pk": 33, "fields": {"action_time": "2020-11-17T23:30:13.369Z", "user": 1, "content_type": 18, "object_id": "4", "object_repr": "Autumn Subscription", "action_flag": 2, "change_message": "[{\"changed\": {\"fields\": [\"Vegetables\"]}}]"}}, {"model": "admin.logentry", "pk": 34, "fields": {"action_time": "2020-11-17T23:32:07.512Z", "user": 1, "content_type": 19, "object_id": "2", "object_repr": "Double", "action_flag": 2, "change_message": "[{\"changed\": {\"fields\": [\"Description\"]}}]"}}, {"model": "admin.logentry", "pk": 35, "fields": {"action_time": "2020-11-17T23:32:34.101Z", "user": 1, "content_type": 19, "object_id": "3", "object_repr": "Family", "action_flag": 2, "change_message": "[{\"changed\": {\"fields\": [\"Description\"]}}]"}}, {"model": "admin.logentry", "pk": 36, "fields": {"action_time": "2020-11-17T23:34:44.020Z", "user": 1, "content_type": 18, "object_id": "4", "object_repr": "Autumn Subscription", "action_flag": 2, "change_message": "[{\"changed\": {\"fields\": [\"Fruit\"]}}]"}}, {"model": "admin.logentry", "pk": 37, "fields": {"action_time": "2020-11-17T23:35:59.772Z", "user": 1, "content_type": 18, "object_id": "4", "object_repr": "Autumn Subscription", "action_flag": 2, "change_message": "[{\"changed\": {\"fields\": [\"Fruit\"]}}]"}}, {"model": "admin.logentry", "pk": 38, "fields": {"action_time": "2020-11-17T23:39:00.929Z", "user": 1, "content_type": 18, "object_id": "1", "object_repr": "Winter Subscription", "action_flag": 2, "change_message": "[{\"changed\": {\"fields\": [\"Fruit\"]}}]"}}, {"model": "admin.logentry", "pk": 39, "fields": {"action_time": "2020-11-17T23:47:05.196Z", "user": 1, "content_type": 18, "object_id": "4", "object_repr": "Autumn Subscription", "action_flag": 2, "change_message": "[{\"changed\": {\"fields\": [\"Fruit\"]}}]"}}, {"model": "admin.logentry", "pk": 40, "fields": {"action_time": "2020-11-18T09:02:22.323Z", "user": 1, "content_type": 18, "object_id": "2", "object_repr": "Spring subscription", "action_flag": 2, "change_message": "[{\"changed\": {\"fields\": [\"Fruit\"]}}]"}}, {"model": "admin.logentry", "pk": 41, "fields": {"action_time": "2020-11-18T09:26:39.750Z", "user": 1, "content_type": 18, "object_id": "1", "object_repr": "Winter Subscription", "action_flag": 2, "change_message": "[{\"changed\": {\"fields\": [\"Vegetables\"]}}]"}}, {"model": "admin.logentry", "pk": 42, "fields": {"action_time": "2020-11-18T09:29:25.256Z", "user": 1, "content_type": 18, "object_id": "1", "object_repr": "Winter Subscription", "action_flag": 2, "change_message": "[{\"changed\": {\"fields\": [\"Fruit\"]}}]"}}, {"model": "admin.logentry", "pk": 43, "fields": {"action_time": "2020-11-18T09:35:12.520Z", "user": 1, "content_type": 18, "object_id": "2", "object_repr": "Spring subscription", "action_flag": 2, "change_message": "[{\"changed\": {\"fields\": [\"Fruit\", \"Vegetables\"]}}]"}}, {"model": "admin.logentry", "pk": 44, "fields": {"action_time": "2020-11-18T09:49:56.572Z", "user": 1, "content_type": 18, "object_id": "3", "object_repr": "Summer Subscription", "action_flag": 2, "change_message": "[{\"changed\": {\"fields\": [\"Fruit\", \"Vegetables\"]}}]"}}, {"model": "admin.logentry", "pk": 45, "fields": {"action_time": "2020-11-18T09:57:01.831Z", "user": 1, "content_type": 18, "object_id": "4", "object_repr": "Autumn Subscription", "action_flag": 2, "change_message": "[{\"changed\": {\"fields\": [\"Fruit\"]}}]"}}, {"model": "admin.logentry", "pk": 46, "fields": {"action_time": "2020-11-18T10:02:51.079Z", "user": 1, "content_type": 18, "object_id": "4", "object_repr": "Autumn Subscription", "action_flag": 2, "change_message": "[{\"changed\": {\"fields\": [\"Fruit\", \"Vegetables\"]}}]"}}, {"model": "admin.logentry", "pk": 47, "fields": {"action_time": "2020-11-18T16:38:56.159Z", "user": 1, "content_type": 14, "object_id": "3", "object_repr": "Seasonal fruit and veg mix", "action_flag": 2, "change_message": "[{\"changed\": {\"fields\": [\"Rating\"]}}]"}}, {"model": "admin.logentry", "pk": 48, "fields": {"action_time": "2020-11-19T10:44:52.152Z", "user": 1, "content_type": 18, "object_id": "1", "object_repr": "Winter Subscription", "action_flag": 2, "change_message": "[{\"changed\": {\"fields\": [\"Image\"]}}]"}}, {"model": "admin.logentry", "pk": 49, "fields": {"action_time": "2020-11-19T10:51:17.717Z", "user": 1, "content_type": 18, "object_id": "1", "object_repr": "Winter Subscription", "action_flag": 2, "change_message": "[{\"changed\": {\"fields\": [\"Image\"]}}]"}}, {"model": "admin.logentry", "pk": 50, "fields": {"action_time": "2020-11-19T15:11:19.382Z", "user": 1, "content_type": 18, "object_id": "2", "object_repr": "Spring subscription", "action_flag": 2, "change_message": "[{\"changed\": {\"fields\": [\"Image\"]}}]"}}, {"model": "admin.logentry", "pk": 51, "fields": {"action_time": "2020-11-20T10:29:32.003Z", "user": 1, "content_type": 14, "object_id": "4", "object_repr": "Seasonal fruit box double", "action_flag": 1, "change_message": "[{\"added\": {}}]"}}, {"model": "admin.logentry", "pk": 52, "fields": {"action_time": "2020-11-20T10:33:57.164Z", "user": 1, "content_type": 14, "object_id": "2", "object_repr": "Seasonal Fruit and Veg Box  ix Family", "action_flag": 2, "change_message": "[{\"changed\": {\"fields\": [\"Category\", \"Name\", \"Description\", \"Price\"]}}]"}}, {"model": "admin.logentry", "pk": 53, "fields": {"action_time": "2020-11-20T10:37:47.675Z", "user": 1, "content_type": 14, "object_id": "2", "object_repr": "Seasonal Fruit and Veg Box  ix Family", "action_flag": 2, "change_message": "[{\"changed\": {\"fields\": [\"Rating\"]}}]"}}, {"model": "admin.logentry", "pk": 54, "fields": {"action_time": "2020-11-20T10:38:05.524Z", "user": 1, "content_type": 14, "object_id": "2", "object_repr": "Seasonal Fruit and Veg Box  mix Family", "action_flag": 2, "change_message": "[{\"changed\": {\"fields\": [\"Name\"]}}]"}}, {"model": "admin.logentry", "pk": 55, "fields": {"action_time": "2020-11-20T10:56:39.120Z", "user": 1, "content_type": 14, "object_id": "4", "object_repr": "Seasonal fruit box double", "action_flag": 2, "change_message": "[{\"changed\": {\"fields\": [\"Description\"]}}]"}}, {"model": "admin.logentry", "pk": 56, "fields": {"action_time": "2020-11-20T13:04:04.986Z", "user": 1, "content_type": 14, "object_id": "2", "object_repr": "Seasonal Fruit and Veg Box  mix Family", "action_flag": 2, "change_message": "[{\"changed\": {\"fields\": [\"Price\", \"Rating\"]}}]"}}, {"model": "admin.logentry", "pk": 57, "fields": {"action_time": "2020-11-20T13:04:54.945Z", "user": 1, "content_type": 14, "object_id": "4", "object_repr": "Seasonal fruit box double", "action_flag": 2, "change_message": "[]"}}, {"model": "admin.logentry", "pk": 58, "fields": {"action_time": "2020-11-20T13:16:38.067Z", "user": 1, "content_type": 14, "object_id": "5", "object_repr": "Seasonal veggie box double", "action_flag": 1, "change_message": "[{\"added\": {}}]"}}, {"model": "admin.logentry", "pk": 59, "fields": {"action_time": "2020-11-20T13:23:35.954Z", "user": 1, "content_type": 14, "object_id": "5", "object_repr": "Seasonal veggie box double", "action_flag": 2, "change_message": "[{\"changed\": {\"fields\": [\"Sku\", \"Image\"]}}]"}}, {"model": "admin.logentry", "pk": 60, "fields": {"action_time": "2020-11-20T13:27:34.390Z", "user": 1, "content_type": 14, "object_id": "3", "object_repr": "Seasonal fruit and veg double", "action_flag": 2, "change_message": "[{\"changed\": {\"fields\": [\"Name\"]}}]"}}, {"model": "admin.logentry", "pk": 61, "fields": {"action_time": "2020-11-20T13:27:49.624Z", "user": 1, "content_type": 14, "object_id": "5", "object_repr": "Seasonal veggie box double", "action_flag": 2, "change_message": "[]"}}, {"model": "admin.logentry", "pk": 62, "fields": {"action_time": "2020-11-20T13:28:03.921Z", "user": 1, "content_type": 14, "object_id": "4", "object_repr": "Seasonal fruit box double", "action_flag": 2, "change_message": "[]"}}, {"model": "admin.logentry", "pk": 63, "fields": {"action_time": "2020-11-20T13:29:32.271Z", "user": 1, "content_type": 14, "object_id": "5", "object_repr": "Seasonal veggie box double", "action_flag": 2, "change_message": "[{\"changed\": {\"fields\": [\"Description\"]}}]"}}, {"model": "admin.logentry", "pk": 64, "fields": {"action_time": "2020-11-20T13:29:45.152Z", "user": 1, "content_type": 14, "object_id": "4", "object_repr": "Seasonal fruit box double", "action_flag": 2, "change_message": "[]"}}, {"model": "admin.logentry", "pk": 65, "fields": {"action_time": "2020-11-20T13:29:59.002Z", "user": 1, "content_type": 14, "object_id": "5", "object_repr": "Seasonal veggie box double", "action_flag": 2, "change_message": "[{\"changed\": {\"fields\": [\"Description\"]}}]"}}, {"model": "admin.logentry", "pk": 66, "fields": {"action_time": "2020-11-20T13:30:44.511Z", "user": 1, "content_type": 14, "object_id": "3", "object_repr": "Seasonal fruit and veg double", "action_flag": 2, "change_message": "[{\"changed\": {\"fields\": [\"Description\"]}}]"}}, {"model": "admin.logentry", "pk": 67, "fields": {"action_time": "2020-11-20T13:31:00.894Z", "user": 1, "content_type": 14, "object_id": "5", "object_repr": "Seasonal veggie box double", "action_flag": 2, "change_message": "[]"}}, {"model": "admin.logentry", "pk": 68, "fields": {"action_time": "2020-11-20T13:31:17.311Z", "user": 1, "content_type": 14, "object_id": "2", "object_repr": "Seasonal Fruit and Veg Box  mix Family", "action_flag": 2, "change_message": "[]"}}, {"model": "admin.logentry", "pk": 69, "fields": {"action_time": "2020-11-20T13:36:11.800Z", "user": 1, "content_type": 14, "object_id": "3", "object_repr": "Seasonal fruit and veg double", "action_flag": 2, "change_message": "[{\"changed\": {\"fields\": [\"Description\"]}}]"}}, {"model": "admin.logentry", "pk": 70, "fields": {"action_time": "2020-11-20T13:36:41.872Z", "user": 1, "content_type": 14, "object_id": "2", "object_repr": "Seasonal Fruit and Veg Box  mix Family", "action_flag": 2, "change_message": "[]"}}, {"model": "admin.logentry", "pk": 71, "fields": {"action_time": "2020-11-20T13:37:48.776Z", "user": 1, "content_type": 14, "object_id": "6", "object_repr": "Seasonal fruit box double", "action_flag": 1, "change_message": "[{\"added\": {}}]"}}, {"model": "admin.logentry", "pk": 72, "fields": {"action_time": "2020-11-20T13:38:28.390Z", "user": 1, "content_type": 14, "object_id": "3", "object_repr": "Seasonal fruit and veg double", "action_flag": 3, "change_message": ""}}, {"model": "admin.logentry", "pk": 73, "fields": {"action_time": "2020-11-20T13:38:37.741Z", "user": 1, "content_type": 14, "object_id": "1", "object_repr": "Seasonal veggie box", "action_flag": 2, "change_message": "[]"}}, {"model": "admin.logentry", "pk": 74, "fields": {"action_time": "2020-11-20T13:41:53.885Z", "user": 1, "content_type": 14, "object_id": "7", "object_repr": "Seasonal Fruit  Box", "action_flag": 1, "change_message": "[{\"added\": {}}]"}}, {"model": "admin.logentry", "pk": 75, "fields": {"action_time": "2020-11-20T13:42:53.047Z", "user": 1, "content_type": 14, "object_id": "8", "object_repr": "Seasonal Fruit and Veg Box", "action_flag": 1, "change_message": "[{\"added\": {}}]"}}, {"model": "admin.logentry", "pk": 76, "fields": {"action_time": "2020-11-20T13:44:50.998Z", "user": 1, "content_type": 14, "object_id": "6", "object_repr": "Seasonal fruit box double", "action_flag": 2, "change_message": "[]"}}, {"model": "admin.logentry", "pk": 77, "fields": {"action_time": "2020-11-20T13:45:06.529Z", "user": 1, "content_type": 14, "object_id": "4", "object_repr": "Seasonal fruit box double", "action_flag": 2, "change_message": "[]"}}, {"model": "admin.logentry", "pk": 78, "fields": {"action_time": "2020-11-20T13:45:19.760Z", "user": 1, "content_type": 14, "object_id": "6", "object_repr": "Seasonal fruit box double", "action_flag": 3, "change_message": ""}}, {"model": "admin.logentry", "pk": 79, "fields": {"action_time": "2020-11-20T13:45:34.952Z", "user": 1, "content_type": 14, "object_id": "8", "object_repr": "Seasonal Fruit and Veg Box", "action_flag": 2, "change_message": "[{\"changed\": {\"fields\": [\"Category\"]}}]"}}, {"model": "admin.logentry", "pk": 80, "fields": {"action_time": "2020-11-20T13:47:11.655Z", "user": 1, "content_type": 14, "object_id": "9", "object_repr": "Seasonal Veggie Box Family", "action_flag": 1, "change_message": "[{\"added\": {}}]"}}, {"model": "admin.logentry", "pk": 81, "fields": {"action_time": "2020-11-20T13:47:28.946Z", "user": 1, "content_type": 14, "object_id": "2", "object_repr": "Seasonal Fruit and Veg Box  mix Family", "action_flag": 2, "change_message": "[]"}}, {"model": "admin.logentry", "pk": 82, "fields": {"action_time": "2020-11-20T13:52:30.708Z", "user": 1, "content_type": 14, "object_id": "9", "object_repr": "Seasonal Veggie Box Family", "action_flag": 2, "change_message": "[{\"changed\": {\"fields\": [\"Description\"]}}]"}}, {"model": "admin.logentry", "pk": 83, "fields": {"action_time": "2020-11-20T13:55:44.586Z", "user": 1, "content_type": 14, "object_id": "4", "object_repr": "Seasonal Fruit  Box Double", "action_flag": 2, "change_message": "[{\"changed\": {\"fields\": [\"Name\"]}}]"}}, {"model": "admin.logentry", "pk": 84, "fields": {"action_time": "2020-11-20T13:58:23.008Z", "user": 1, "content_type": 14, "object_id": "5", "object_repr": "Seasonal Veggie Box Double", "action_flag": 2, "change_message": "[{\"changed\": {\"fields\": [\"Name\", \"Description\"]}}]"}}, {"model": "admin.logentry", "pk": 85, "fields": {"action_time": "2020-11-20T13:59:02.837Z", "user": 1, "content_type": 14, "object_id": "1", "object_repr": "Seasonal veggie box", "action_flag": 2, "change_message": "[{\"changed\": {\"fields\": [\"Description\"]}}]"}}, {"model": "admin.logentry", "pk": 86, "fields": {"action_time": "2020-11-20T13:59:31.577Z", "user": 1, "content_type": 14, "object_id": "1", "object_repr": "Seasonal Veggie Box", "action_flag": 2, "change_message": "[{\"changed\": {\"fields\": [\"Name\"]}}]"}}, {"model": "admin.logentry", "pk": 87, "fields": {"action_time": "2020-11-20T14:00:28.213Z", "user": 1, "content_type": 14, "object_id": "10", "object_repr": "Seasonal Fruit Box Double", "action_flag": 1, "change_message": "[{\"added\": {}}]"}}, {"model": "admin.logentry", "pk": 88, "fields": {"action_time": "2020-11-20T14:00:43.276Z", "user": 1, "content_type": 14, "object_id": "5", "object_repr": "Seasonal Veggie Box Double", "action_flag": 2, "change_message": "[]"}}, {"model": "admin.logentry", "pk": 89, "fields": {"action_time": "2020-11-20T14:01:06.391Z", "user": 1, "content_type": 14, "object_id": "9", "object_repr": "Seasonal Veggie Box Family", "action_flag": 2, "change_message": "[]"}}, {"model": "admin.logentry", "pk": 90, "fields": {"action_time": "2020-11-20T14:02:40.915Z", "user": 1, "content_type": 14, "object_id": "4", "object_repr": "Seasonal Fruit  Box Family", "action_flag": 2, "change_message": "[{\"changed\": {\"fields\": [\"Name\", \"Description\"]}}]"}}, {"model": "admin.logentry", "pk": 91, "fields": {"action_time": "2020-11-20T14:03:35.525Z", "user": 1, "content_type": 14, "object_id": "9", "object_repr": "Seasonal Veggie Box Family", "action_flag": 2, "change_message": "[]"}}, {"model": "admin.logentry", "pk": 92, "fields": {"action_time": "2020-11-20T14:04:24.071Z", "user": 1, "content_type": 14, "object_id": "5", "object_repr": "Seasonal Veggie Box Double", "action_flag": 2, "change_message": "[]"}}, {"model": "admin.logentry", "pk": 93, "fields": {"action_time": "2020-11-20T14:05:49.229Z", "user": 1, "content_type": 14, "object_id": "11", "object_repr": "Seasonal Fruit & Veg Box Double", "action_flag": 1, "change_message": "[{\"added\": {}}]"}}, {"model": "admin.logentry", "pk": 94, "fields": {"action_time": "2020-11-20T14:07:26.676Z", "user": 1, "content_type": 14, "object_id": "7", "object_repr": "Seasonal Fruit  Box", "action_flag": 2, "change_message": "[{\"changed\": {\"fields\": [\"Image\"]}}]"}}, {"model": "admin.logentry", "pk": 95, "fields": {"action_time": "2020-11-20T14:07:49.378Z", "user": 1, "content_type": 14, "object_id": "10", "object_repr": "Seasonal Fruit Box Double", "action_flag": 2, "change_message": "[{\"changed\": {\"fields\": [\"Image\"]}}]"}}, {"model": "admin.logentry", "pk": 96, "fields": {"action_time": "2020-11-20T14:20:05.189Z", "user": 1, "content_type": 14, "object_id": "4", "object_repr": "Seasonal Fruit  Box Family", "action_flag": 2, "change_message": "[{\"changed\": {\"fields\": [\"Image\"]}}]"}}, {"model": "admin.logentry", "pk": 97, "fields": {"action_time": "2020-11-20T14:21:20.654Z", "user": 1, "content_type": 14, "object_id": "1", "object_repr": "Seasonal Veggie Box", "action_flag": 2, "change_message": "[{\"changed\": {\"fields\": [\"Image\"]}}]"}}, {"model": "admin.logentry", "pk": 98, "fields": {"action_time": "2020-11-20T14:22:41.507Z", "user": 1, "content_type": 14, "object_id": "2", "object_repr": "Seasonal Fruit and Veg Box  Family", "action_flag": 2, "change_message": "[{\"changed\": {\"fields\": [\"Name\"]}}]"}}, {"model": "admin.logentry", "pk": 99, "fields": {"action_time": "2020-11-20T14:27:59.493Z", "user": 1, "content_type": 14, "object_id": "9", "object_repr": "Seasonal Veggie Box Family", "action_flag": 2, "change_message": "[{\"changed\": {\"fields\": [\"Description\"]}}]"}}, {"model": "admin.logentry", "pk": 100, "fields": {"action_time": "2020-11-20T14:29:27.628Z", "user": 1, "content_type": 14, "object_id": "4", "object_repr": "Seasonal Fruit  Box Family", "action_flag": 2, "change_message": "[{\"changed\": {\"fields\": [\"Description\"]}}]"}}, {"model": "admin.logentry", "pk": 101, "fields": {"action_time": "2020-11-20T15:06:01.002Z", "user": 1, "content_type": 14, "object_id": "8", "object_repr": "Seasonal Fruit and Veg Box", "action_flag": 2, "change_message": "[{\"changed\": {\"fields\": [\"Image\"]}}]"}}, {"model": "admin.logentry", "pk": 102, "fields": {"action_time": "2020-11-20T15:07:47.116Z", "user": 1, "content_type": 14, "object_id": "11", "object_repr": "Seasonal Fruit & Veg Box Double", "action_flag": 2, "change_message": "[{\"changed\": {\"fields\": [\"Rating\", \"Image\"]}}]"}}, {"model": "admin.logentry", "pk": 103, "fields": {"action_time": "2020-11-20T15:18:27.863Z", "user": 1, "content_type": 14, "object_id": "2", "object_repr": "Seasonal Fruit and Veg Box  Family", "action_flag": 2, "change_message": "[{\"changed\": {\"fields\": [\"Image\"]}}]"}}, {"model": "admin.logentry", "pk": 104, "fields": {"action_time": "2020-11-20T15:30:17.735Z", "user": 1, "content_type": 14, "object_id": "10", "object_repr": "Seasonal Fruit Box Double", "action_flag": 2, "change_message": "[{\"changed\": {\"fields\": [\"Image\"]}}]"}}, {"model": "admin.logentry", "pk": 105, "fields": {"action_time": "2020-11-20T15:30:36.914Z", "user": 1, "content_type": 14, "object_id": "9", "object_repr": "Seasonal Veggie Box Family", "action_flag": 2, "change_message": "[{\"changed\": {\"fields\": [\"Image\"]}}]"}}, {"model": "admin.logentry", "pk": 106, "fields": {"action_time": "2020-11-20T15:31:34.555Z", "user": 1, "content_type": 14, "object_id": "1", "object_repr": "Seasonal Veggie Box", "action_flag": 2, "change_message": "[]"}}, {"model": "admin.logentry", "pk": 107, "fields": {"action_time": "2020-11-20T15:31:58.956Z", "user": 1, "content_type": 14, "object_id": "7", "object_repr": "Seasonal Fruit  Box", "action_flag": 2, "change_message": "[{\"changed\": {\"fields\": [\"Image\"]}}]"}}, {"model": "admin.logentry", "pk": 108, "fields": {"action_time": "2020-11-20T15:32:26.222Z", "user": 1, "content_type": 14, "object_id": "5", "object_repr": "Seasonal Veggie Box Double", "action_flag": 2, "change_message": "[{\"changed\": {\"fields\": [\"Image\"]}}]"}}, {"model": "admin.logentry", "pk": 109, "fields": {"action_time": "2020-11-20T15:32:59.013Z", "user": 1, "content_type": 14, "object_id": "4", "object_repr": "Seasonal Fruit  Box Family", "action_flag": 2, "change_message": "[{\"changed\": {\"fields\": [\"Image\"]}}]"}}, {"model": "admin.logentry", "pk": 110, "fields": {"action_time": "2020-11-20T15:34:50.414Z", "user": 1, "content_type": 14, "object_id": "1", "object_repr": "Seasonal Veggie Box", "action_flag": 2, "change_message": "[{\"changed\": {\"fields\": [\"Image\"]}}]"}}, {"model": "admin.logentry", "pk": 111, "fields": {"action_time": "2020-11-20T18:59:10.995Z", "user": 1, "content_type": 14, "object_id": "7", "object_repr": "Seasonal Fruit  Box", "action_flag": 2, "change_message": "[]"}}, {"model": "admin.logentry", "pk": 112, "fields": {"action_time": "2020-11-21T11:50:24.841Z", "user": 1, "content_type": 14, "object_id": "9", "object_repr": "Seasonal Veggie Box Family", "action_flag": 2, "change_message": "[]"}}, {"model": "admin.logentry", "pk": 113, "fields": {"action_time": "2020-11-21T11:50:46.026Z", "user": 1, "content_type": 14, "object_id": "4", "object_repr": "Seasonal Fruit  Box Family", "action_flag": 2, "change_message": "[{\"changed\": {\"fields\": [\"Price\"]}}]"}}, {"model": "admin.logentry", "pk": 114, "fields": {"action_time": "2020-11-23T16:32:40.835Z", "user": 1, "content_type": 13, "object_id": "4", "object_repr": "Boxes", "action_flag": 1, "change_message": "[{\"added\": {}}]"}}, {"model": "admin.logentry", "pk": 115, "fields": {"action_time": "2020-11-23T16:33:02.942Z", "user": 1, "content_type": 13, "object_id": "4", "object_repr": "Boxes", "action_flag": 2, "change_message": "[{\"changed\": {\"fields\": [\"Friendly name\"]}}]"}}, {"model": "admin.logentry", "pk": 116, "fields": {"action_time": "2020-11-23T16:33:20.693Z", "user": 1, "content_type": 13, "object_id": "4", "object_repr": "Boxes", "action_flag": 2, "change_message": "[]"}}, {"model": "admin.logentry", "pk": 117, "fields": {"action_time": "2020-11-23T16:35:41.964Z", "user": 1, "content_type": 14, "object_id": "12", "object_repr": "Family", "action_flag": 1, "change_message": "[{\"added\": {}}]"}}, {"model": "admin.logentry", "pk": 118, "fields": {"action_time": "2020-11-23T16:39:44.419Z", "user": 1, "content_type": 14, "object_id": "12", "object_repr": "Family", "action_flag": 2, "change_message": "[{\"changed\": {\"fields\": [\"Category\"]}}]"}}, {"model": "admin.logentry", "pk": 119, "fields": {"action_time": "2020-11-23T16:40:06.666Z", "user": 1, "content_type": 13, "object_id": "4", "object_repr": "Boxes", "action_flag": 3, "change_message": ""}}, {"model": "admin.logentry", "pk": 120, "fields": {"action_time": "2020-11-23T16:40:19.791Z", "user": 1, "content_type": 13, "object_id": "5", "object_repr": "Subscriptions", "action_flag": 1, "change_message": "[{\"added\": {}}]"}}, {"model": "admin.logentry", "pk": 121, "fields": {"action_time": "2020-11-23T16:40:38.941Z", "user": 1, "content_type": 14, "object_id": "12", "object_repr": "Family", "action_flag": 2, "change_message": "[{\"changed\": {\"fields\": [\"Category\"]}}]"}}, {"model": "admin.logentry", "pk": 122, "fields": {"action_time": "2020-11-23T16:50:07.206Z", "user": 1, "content_type": 19, "object_id": "3", "object_repr": "Family Winter Box", "action_flag": 2, "change_message": "[{\"changed\": {\"fields\": [\"Name\"]}}]"}}, {"model": "admin.logentry", "pk": 123, "fields": {"action_time": "2020-11-23T16:50:29.086Z", "user": 1, "content_type": 19, "object_id": "2", "object_repr": "Double", "action_flag": 2, "change_message": "[]"}}, {"model": "admin.logentry", "pk": 124, "fields": {"action_time": "2020-11-23T16:51:40.840Z", "user": 1, "content_type": 14, "object_id": "13", "object_repr": "Winter Double Subscription", "action_flag": 1, "change_message": "[{\"added\": {}}]"}}, {"model": "admin.logentry", "pk": 125, "fields": {"action_time": "2020-11-23T16:53:03.692Z", "user": 1, "content_type": 14, "object_id": "14", "object_repr": "Single Winter Subscription", "action_flag": 1, "change_message": "[{\"added\": {}}]"}}, {"model": "admin.logentry", "pk": 126, "fields": {"action_time": "2020-11-23T16:53:30.636Z", "user": 1, "content_type": 14, "object_id": "14", "object_repr": "Single Winter Subscription", "action_flag": 2, "change_message": "[{\"changed\": {\"fields\": [\"Category\"]}}]"}}, {"model": "admin.logentry", "pk": 127, "fields": {"action_time": "2020-11-23T17:02:59.275Z", "user": 1, "content_type": 14, "object_id": "14", "object_repr": "Single Winter Subscription", "action_flag": 2, "change_message": "[{\"changed\": {\"fields\": [\"Image\"]}}]"}}, {"model": "admin.logentry", "pk": 128, "fields": {"action_time": "2020-11-23T17:09:15.181Z", "user": 1, "content_type": 14, "object_id": "14", "object_repr": "Single Winter Subscription", "action_flag": 2, "change_message": "[{\"changed\": {\"fields\": [\"Has sizes\"]}}]"}}, {"model": "admin.logentry", "pk": 129, "fields": {"action_time": "2020-11-23T17:09:47.474Z", "user": 1, "content_type": 19, "object_id": "1", "object_repr": "Single", "action_flag": 2, "change_message": "[]"}}, {"model": "admin.logentry", "pk": 130, "fields": {"action_time": "2020-11-23T18:40:15.609Z", "user": 1, "content_type": 14, "object_id": "14", "object_repr": "Single Winter Subscription", "action_flag": 2, "change_message": "[{\"changed\": {\"fields\": [\"Image\"]}}]"}}, {"model": "admin.logentry", "pk": 131, "fields": {"action_time": "2020-11-23T18:40:50.313Z", "user": 1, "content_type": 14, "object_id": "13", "object_repr": "Winter Double Subscription", "action_flag": 2, "change_message": "[{\"changed\": {\"fields\": [\"Image\"]}}]"}}, {"model": "admin.logentry", "pk": 132, "fields": {"action_time": "2020-11-23T18:41:21.606Z", "user": 1, "content_type": 14, "object_id": "12", "object_repr": "Family", "action_flag": 2, "change_message": "[{\"changed\": {\"fields\": [\"Image\"]}}]"}}, {"model": "admin.logentry", "pk": 133, "fields": {"action_time": "2020-11-23T18:50:08.054Z", "user": 1, "content_type": 14, "object_id": "13", "object_repr": "Double Winter Subscription", "action_flag": 2, "change_message": "[{\"changed\": {\"fields\": [\"Name\"]}}]"}}, {"model": "admin.logentry", "pk": 134, "fields": {"action_time": "2020-11-23T18:50:29.709Z", "user": 1, "content_type": 14, "object_id": "12", "object_repr": "Family Winter Subscription", "action_flag": 2, "change_message": "[{\"changed\": {\"fields\": [\"Name\"]}}]"}}, {"model": "admin.logentry", "pk": 135, "fields": {"action_time": "2020-11-23T18:53:13.025Z", "user": 1, "content_type": 14, "object_id": "15", "object_repr": "Single Spring Subscription", "action_flag": 1, "change_message": "[{\"added\": {}}]"}}, {"model": "admin.logentry", "pk": 136, "fields": {"action_time": "2020-11-23T18:54:05.740Z", "user": 1, "content_type": 14, "object_id": "15", "object_repr": "Single Spring Subscription", "action_flag": 2, "change_message": "[{\"changed\": {\"fields\": [\"Description\", \"Image\"]}}]"}}, {"model": "admin.logentry", "pk": 137, "fields": {"action_time": "2020-11-23T19:29:43.703Z", "user": 1, "content_type": 14, "object_id": "13", "object_repr": "Double Winter Subscription", "action_flag": 2, "change_message": "[{\"changed\": {\"fields\": [\"Image\"]}}]"}}, {"model": "admin.logentry", "pk": 138, "fields": {"action_time": "2020-11-24T23:31:15.679Z", "user": 1, "content_type": 8, "object_id": "4", "object_repr": "jimmydavidwhitworth@gmail.com", "action_flag": 2, "change_message": "[{\"changed\": {\"fields\": [\"Verified\"]}}]"}}, {"model": "auth.user", "pk": 1, "fields": {"password": "pbkdf2_sha256$216000$22R8y2UFAKn6$HyQ5mk0DVE1SOSyfrLS9cEtuwdExC1reOQd3rzdYsto=", "last_login": "2020-11-24T13:42:09.522Z", "is_superuser": true, "username": "jimbob", "first_name": "", "last_name": "", "email": "jimmygrahamdavid@gmail.com", "is_staff": true, "is_active": true, "date_joined": "2020-11-01T13:22:50.660Z", "groups": [], "user_permissions": []}}, {"model": "auth.user", "pk": 2, "fields": {"password": "pbkdf2_sha256$216000$857tLBpEgI3e$61LB2UDZxZrmfEustlvGrOCvUNEwMZesH5xesF0By0A=", "last_login": null, "is_superuser": false, "username": "hellomy", "first_name": "", "last_name": "", "email": "test@test.com", "is_staff": false, "is_active": true, "date_joined": "2020-11-23T00:06:19.366Z", "groups": [], "user_permissions": []}}, {"model": "auth.user", "pk": 3, "fields": {"password": "pbkdf2_sha256$216000$jTVkCpYMvKjS$ED6EGHlQLJ+mXjSqxuqlDDuII56CHnCe4qsjiLb0Km8=", "last_login": null, "is_superuser": false, "username": "jimmyd", "first_name": "", "last_name": "", "email": "jamesbrant93@gmail.com", "is_staff": false, "is_active": true, "date_joined": "2020-11-23T00:08:34.962Z", "groups": [], "user_permissions": []}}, {"model": "auth.user", "pk": 4, "fields": {"password": "pbkdf2_sha256$216000$IZq0y7AqZ9zI$ENgo//HZFsQJtq/klHXM7yORF7GvLisK4FgtPt+i4UE=", "last_login": null, "is_superuser": false, "username": "jimbo", "first_name": "", "last_name": "", "email": "jimmydavidwhitworth@gmail.com", "is_staff": false, "is_active": true, "date_joined": "2020-11-23T00:19:51.218Z", "groups": [], "user_permissions": []}}, {"model": "auth.user", "pk": 5, "fields": {"password": "pbkdf2_sha256$216000$PTAzkgy2tV7D$7qkhqLWJOx/XsOePAwUcRyWoAWI2FUUBstUjwoN9R9M=", "last_login": null, "is_superuser": false, "username": "jimbobby", "first_name": "", "last_name": "", "email": "jimgraham@gmail.com", "is_staff": false, "is_active": true, "date_joined": "2020-11-23T00:29:54.184Z", "groups": [], "user_permissions": []}}, {"model": "auth.user", "pk": 6, "fields": {"password": "pbkdf2_sha256$216000$TDOQSOqewH0b$ovSrZ5OTgV8E1kJxZnVMv7mlWKlvOFh18COqnCwlFEA=", "last_login": "2020-11-23T02:07:16.673Z", "is_superuser": false, "username": "testytesty", "first_name": "", "last_name": "", "email": "testy@hotmail.com", "is_staff": false, "is_active": true, "date_joined": "2020-11-23T01:43:15.653Z", "groups": [], "user_permissions": []}}, {"model": "auth.user", "pk": 7, "fields": {"password": "pbkdf2_sha256$216000$x58IcXrLSQAY$Tv006OjHNFxxmaSbNr5s2Iu+hLt6A4aVYAiVKRfnfdA=", "last_login": null, "is_superuser": true, "username": "gitpod", "first_name": "", "last_name": "", "email": "jimgrahamtest@gmsil.com", "is_staff": true, "is_active": true, "date_joined": "2020-11-24T16:22:50.234Z", "groups": [], "user_permissions": []}}, {"model": "sessions.session", "pk": "0eixq2b76ekv8dfzs3k7g9qo1ecptjqv", "fields": {"session_data": ".eJxVjEEOwiAUBe_C2hCgFGiX7j0D4cPHogYMtEZjvLtt0oVu38ybN7FumSe7NKw2BTISTg6_Gzh_xbyBcHH5XKgvea4J6KbQnTZ6KgFvx939C0yuTeu752qIEJ1wvhuMVNwASI6aC4jaMw5eMRkMajUI1ocOOiPcaigZO9CabdGGraWSLT7vqb7IyA6kuQfalGMh41wX_HwB12REyA:1kdjgk:5CGvklXAdF_293acO8YUwDKwHmfAGeJcBpYCkgWcAZI", "expire_date": "2020-11-28T00:45:10.788Z"}}, {"model": "sessions.session", "pk": "43l85ervicl5cidmcnbc9cer819p4lid", "fields": {"session_data": "eyJjYXJ0Ijp7IjIiOjF9fQ:1kcQmL:VdI2ZGY_ccl06T0he-pScged8H7v2aj7MVqoYQJJn5E", "expire_date": "2020-11-24T10:21:33.786Z"}}, {"model": "sessions.session", "pk": "5t7qnlgbzrwtws8zopuk1f1k0tbq3mkn", "fields": {"session_data": "e30:1kfmS1:vW31Dtg5XR65RtEfu4E4-yFnXM3vngawFnOPCbRKLso", "expire_date": "2020-12-03T16:06:25.326Z"}}, {"model": "sessions.session", "pk": "as9zrvmf1yqa7q59qnwrfuogqj8vwxvh", "fields": {"session_data": "eyJjYXJ0Ijp7IjIiOjF9fQ:1kcbP7:NtN4nglHvMR-Jy_uMwNNvHvYh5gPWP6vNxw-cvVxzdM", "expire_date": "2020-11-24T21:42:17.602Z"}}, {"model": "sessions.session", "pk": "b7cvt4u78cp6gvznvse7c5ua04m0li06", "fields": {"session_data": ".eJxVjMsOwiAUBf-FtSG8CrRL934DuZeHRQ00pU00xn-3TbrQ7Zk58yYO1mV0a4uzy4EMhJPT74bg77HsINygXCv1tSxzRror9KCNXmqIj_Ph_gVGaOP27rjuEyYQ4GVvleYWUfFouMBkPOPoNVPBRqN7wbogUVoBm6FVkmgM26MttpZrcfE55flFBvb5AnvzPqQ:1khX4i:ukLMCzqtptjO9g9sspelkrBdMbRYZTB646u-71Z52OU", "expire_date": "2020-12-08T12:05:36.895Z"}}, {"model": "sessions.session", "pk": "dabved416hiu5mt26moz2xjx3ah8y9dk", "fields": {"session_data": ".eJxVjMsOwiAUBf-FtSG8CrRL934DuZeHRQ00pU00xn-3TbrQ7Zk58yYO1mV0a4uzy4EMhJPT74bg77HsINygXCv1tSxzRror9KCNXmqIj_Ph_gVGaOP27rjuEyYQ4GVvleYWUfFouMBkPOPoNVPBRqN7wbogUVoBm6FVkmgM26MttpZrcfE55flFBvb5AnvzPqQ:1kelX0:kpKNqX-gsDIf2R3JQUnyVUdY4bBQ4FWM6yTmiiK4tms", "expire_date": "2020-11-30T20:55:22.170Z"}}, {"model": "sessions.session", "pk": "e8rb0089vy7kvyukiy8nmxwbbxkwvqh2", "fields": {"session_data": ".eJxVjDsOgzAQBe-ydWThNTaEMj1nQMt-AkkEEoYKcfcIiYb2zczbgWlZodkBofHheEBH2zp0W9alGwUa8HDbeuKvTieQD03v2fE8rcvYu1NxF82unUV_r8u9HQyUh7NOSZ8ULIoZWim1sSCmOhaaotSpF_Sh4iKwhKAVR8ISyZtUXq2gCMcfGlg88A:1kcGvN:ESutf1UnY9FfrV11L0tdUK8B9xrNYJgvZxDemM-DvIE", "expire_date": "2020-11-23T23:50:13.518Z"}}, {"model": "sessions.session", "pk": "gxw9s5yxfiqocd3kqtvu228fi9i2bsvg", "fields": {"session_data": ".eJxVjr2OwyAQhF_lbmtkAcZgu0x_0vVxhHYBx_kzksFVlHc_nOSKNDvSzLejuYPDJUN_Bwm9YCDUS8xTmnIfDCyuebJrCos9eehBwIdH6C5h3gJ_xvkYKxfnvJyo2pDqnabqJ_pw3b3Zj4IJ01S-G6G7kUaU6OquVVq0REoEIySNxnFBTnPl22B0J3nja6pbiYXQaqzJGL6V3kJKeAyp1O33A1h7TnH-dwdgnMmGDfC7RL-6_FUWhRz89wCHAzz-AM_1VAQ:1khL1z:MGEf8avMTJ7OUGPUfrw4bATxQ6ojW29AQt_HP0dacnY", "expire_date": "2020-12-07T23:13:59.364Z"}}, {"model": "sessions.session", "pk": "h0j6692nhc7heialzxkhx979td9yafpd", "fields": {"session_data": "eyJjYXJ0Ijp7IjMiOjF9fQ:1kcFvk:fTfqAL7OygCkUqYaioYVNvFfeL-otLniAAkZTkTgbcw", "expire_date": "2020-11-23T22:46:32.603Z"}}, {"model": "sessions.session", "pk": "hwidylrod3rav8ulgl4eaw459wh40g0c", "fields": {"session_data": "eyJjYXJ0Ijp7InNpemUiOnsiMiI6MX19fQ:1kgWTM:Y7N4dFkT6RTHirBIkM8OPreGjB-kYMbZqi7pZyZ-hKA", "expire_date": "2020-12-05T17:14:52.031Z"}}, {"model": "sessions.session", "pk": "kcg3lhzls667qi5lcf6h2t6p2q5uuy9r", "fields": {"session_data": ".eJxVjMsOwiAUBf-FtSG8CrRL934DuZeHRQ00pU00xn-3TbrQ7Zk58yYO1mV0a4uzy4EMhJPT74bg77HsINygXCv1tSxzRror9KCNXmqIj_Ph_gVGaOP27rjuEyYQ4GVvleYWUfFouMBkPOPoNVPBRqN7wbogUVoBm6FVkmgM26MttpZrcfE55flFBvb5AnvzPqQ:1khhmF:s4Puwq1maN5DLGONPO1qz6Tm2JIdrCsg2J3ssS2Fk3A", "expire_date": "2020-12-08T23:31:15.885Z"}}, {"model": "sessions.session", "pk": "or3sccsioyx2nowla4u8s0jhlit0c8zj", "fields": {"session_data": ".eJxVjrEOgzAMRP_FM4qIQwLN2L3fgIwdF9oKJAIT4t8LEkO73rt7ug1aWpe-XXOa20EggoXiN-uI32k8gbxofE6Gp3GZh86cFXPRbB6TpM_96v4Jesr9uQ4h3cipF1XUShplQQyNL1Pw0oRO0LqaS8fiXKrZE1ZIVqW2SUvyh5RpXiBugBBtcfyMdt-_3qY9yQ:1kcBs9:jrBA_H6BcLnCqNoLCuam8ZmPke0QkyRP-fsoxnWdb-c", "expire_date": "2020-11-23T18:26:33.729Z"}}, {"model": "sessions.session", "pk": "q4pfarlnr6x3lrk108fddnufqj3n5h0d", "fields": {"session_data": ".eJxVjMsOgyAQRf-FdUN4Ceiye7-BzMBQbRtIRLtp-u_VxI3be865X9bgQ2EuubJhXTa6sQDbOoWt0RLmxAYm2WVDiC8qB0hPKI_KYy3rMiM_FH7Sxsea6H0_3cvBBG3a607aPmMGBVH33ljpEY0kJxVmF4XEaIVJnpztleiSRu0V7IY1WaNzgv3-MbI9iw:1kd1By:wpYeqQSlMaBpHp9TPmhSpXp2G1-NEaWGvVEqdNDGhOw", "expire_date": "2020-11-26T01:14:26.812Z"}}, {"model": "sessions.session", "pk": "wqzitbna9yhckp2odz63nwxqzh0l6frt", "fields": {"session_data": ".eJxVjb1ugzAUhV8F3dlCNmAbvLVDtzxBiCz_BqcJjmyQiqK8e43E0C53OOc7332BVOsyyTW7JIMFAQzQ30wr8-3mvbA3NV9jbeK8pKDrHamPNtenaN3982D_CSaVp7ImtOeKc0o6Rj1huKfDwHzfcWeoLddr0hltPTHG6NZxix0diMdMs06z1u_S7HIOcZbu5xnSBgIjMCotIF7QgGgQtCDIu4CPAqqry-Xv-TyClLdcZkc6AsKooWiED2udrb7UI9y3aonVFtdU7cYRLhd4_wJ6a1xc:1khBIh:YKs2nxNJvojCiQ62Z6o8rljpvwa9GLnoH51t8sVqrt4", "expire_date": "2020-12-07T12:50:35.090Z"}}, {"model": "sessions.session", "pk": "wtdjrvhv3h4qyj1b40yukd0ckv2uiusd", "fields": {"session_data": "eyJzYXZlX2luZm8iOmZhbHNlLCJjYXJ0Ijp7IjIiOjF9LCJfc2Vzc2lvbl9leHBpcnkiOjB9:1kdhaC:nb-sOJ-ChWxqQbZdZ-Td69q5YfwhaX-mixwo3FnI-xA", "expire_date": "2020-11-27T22:30:16.061Z"}}, {"model": "sites.site", "pk": 1, "fields": {"domain": "example.com", "name": "example.com"}}, {"model": "account.emailaddress", "pk": 1, "fields": {"user": 1, "email": "jimmygrahamdavid@gmail.com", "verified": true, "primary": true}}, {"model": "account.emailaddress", "pk": 2, "fields": {"user": 2, "email": "test@test.com", "verified": false, "primary": true}}, {"model": "account.emailaddress", "pk": 3, "fields": {"user": 3, "email": "jamesbrant93@gmail.com", "verified": false, "primary": true}}, {"model": "account.emailaddress", "pk": 4, "fields": {"user": 4, "email": "jimmydavidwhitworth@gmail.com", "verified": true, "primary": true}}, {"model": "account.emailaddress", "pk": 5, "fields": {"user": 5, "email": "jimgraham@gmail.com", "verified": true, "primary": true}}, {"model": "account.emailaddress", "pk": 6, "fields": {"user": 6, "email": "testy@hotmail.com", "verified": true, "primary": true}}, {"model": "products.category", "pk": 1, "fields": {"name": "seasonal_veg_box", "friendly_name": "Seasonal Veg Box"}}, {"model": "products.category", "pk": 2, "fields": {"name": "seasonal_fruit_box", "friendly_name": "Seasonal Fruit Box"}}, {"model": "products.category", "pk": 3, "fields": {"name": "seasonal_fruit_and_veg_box", "friendly_name": "Seasonal Fruit and Veg Box"}}, {"model": "products.category", "pk": 5, "fields": {"name": "Subscriptions", "friendly_name": null}}, {"model": "products.product", "pk": 1, "fields": {"category": 1, "sku": "232424324", "name": "Seasonal Veggie Box", "description": "A selection of seasonal veggies.\r\n\r\nRemember to always wash your fresh produce.", "has_sizes": true, "price_per_box": "12.00", "price": "13.00", "rating": null, "image_url": null, "image": "small-veg-box.jpg"}}, {"model": "products.product", "pk": 2, "fields": {"category": 3, "sku": null, "name": "Seasonal Fruit and Veg Box  Family", "description": "Our Large Fruit & Veg Box is a delicious mix, fresh from the field. You’ll receive portions of veg, including organic staples like potatoes and onions, alongside some other greens, seasonal veg and portions of fruit (whatever is in season and tasting the best at as we bix). We'll even throw in a portion of lemon and garlic. It’s our largest fruit & veg collection and is perfect for keeping families fed through the week.\r\n\r\nDon’t forget to wash your fruit and veg before use!", "has_sizes": true, "price_per_box": null, "price": "22.00", "rating": "5.00", "image_url": null, "image": "large-fruitveg-box.jpg"}}, {"model": "products.product", "pk": 4, "fields": {"category": 2, "sku": null, "name": "Seasonal Fruit  Box Family", "description": "Our Large Fruit and Veg Box is a delicious mix of produce fresh from the field. Whatever is seasonal and ripest as we speak. We'll even throw in a portion of lemon and garlic. It’s our largest fruit and veg collection and is perfect for keeping families fed through the week.\r\n\r\nDon’t forget to wash your fruit and veg before use!", "has_sizes": false, "price_per_box": null, "price": "22.00", "rating": "5.00", "image_url": null, "image": "large-fruit-box.jpg"}}, {"model": "products.product", "pk": 5, "fields": {"category": 1, "sku": null, "name": "Seasonal Veggie Box Double", "description": "You will receive a selection of the ripest seasonal veggie which will give two people more than their five a day. Perfect for people who eat veggies for or with every meal.\r\n\r\nRemember to always wash your fresh produce.", "has_sizes": false, "price_per_box": null, "price": "17.00", "rating": "5.00", "image_url": null, "image": "medium-veg-box.jpg"}}, {"model": "products.product", "pk": 7, "fields": {"category": 2, "sku": null, "name": "Seasonal Fruit  Box", "description": "A selection of seasonal fruit", "has_sizes": false, "price_per_box": null, "price": "15.00", "rating": "5.00", "image_url": null, "image": "medium-fruit-box_Gf92PSy.jpg"}}, {"model": "products.product", "pk": 8, "fields": {"category": 3, "sku": null, "name": "Seasonal Fruit and Veg Box", "description": "A selection of seasonal fruit and veggies", "has_sizes": false, "price_per_box": null, "price": "15.00", "rating": "5.00", "image_url": null, "image": "small-fruitveg-box.jpg"}}, {"model": "products.product", "pk": 9, "fields": {"category": 1, "sku": null, "name": "Seasonal Veggie Box Family", "description": "Our Large  Veg Box is a delicious mix of veg fresh from the field. Whatever is seasonal and ripest as we speak.   . We'll even throw in a portion of lemon and garlic. It’s our largest veg collection and is perfect for keeping families fed through the week.\r\n\r\nDon’t forget to wash your fruit and veg before use!", "has_sizes": false, "price_per_box": null, "price": "22.00", "rating": "5.00", "image_url": null, "image": "large-veg-box.jpg"}}, {"model": "products.product", "pk": 10, "fields": {"category": 2, "sku": null, "name": "Seasonal Fruit Box Double", "description": "Remember to always wash your fresh produce", "has_sizes": false, "price_per_box": null, "price": "17.00", "rating": "5.00", "image_url": null, "image": "medium-fruit-box.jpg"}}, {"model": "products.product", "pk": 11, "fields": {"category": 3, "sku": null, "name": "Seasonal Fruit & Veg Box Double", "description": "You will receive a selection of the ripest seasonal fruit and veggie which will give two people more than their five a day. Perfect for people who eat veggies for or with every meal and fruit every dayl.\r\n\r\nRemember to always wash your fresh produce.", "has_sizes": false, "price_per_box": null, "price": "17.00", "rating": "5.00", "image_url": null, "image": "double-fruitveg-box.jpg"}}, {"model": "products.product", "pk": 12, "fields": {"category": 5, "sku": null, "name": "Family Winter Subscription", "description": "Great for keeping the whole family healthy in fresh fruit and veg!", "has_sizes": false, "price_per_box": "20.00", "price": "240.00", "rating": "5.00", "image_url": null, "image": "douglas-fir_qKhDfAK.jpg"}}, {"model": "products.product", "pk": 13, "fields": {"category": 5, "sku": null, "name": "Double Winter Subscription", "description": "Just enough fresh fruit and veggies to sustain a couples healthy lifestyle!", "has_sizes": false, "price_per_box": "15.00", "price": "150.00", "rating": "5.00", "image_url": null, "image": "foodiesfeed.com_parsley-root-and-brussel-sprouts-at-a-market.jpg"}}, {"model": "products.product", "pk": 14, "fields": {"category": 5, "sku": null, "name": "Single Winter Subscription", "description": "Perfect amount of fresh fruit and veggies to keep one person eating healthy!", "has_sizes": true, "price_per_box": "10.00", "price": "120.00", "rating": "5.00", "image_url": null, "image": "douglas-fir_AJx884G.jpg"}}, {"model": "products.product", "pk": 15, "fields": {"category": 5, "sku": null, "name": "Single Spring Subscription", "description": "Perfect amount of fresh fruit and veggies to keep a one person eating healthy!", "has_sizes": false, "price_per_box": "10.00", "price": "240.00", "rating": "5.00", "image_url": null, "image": "fresh-vegetables-arranged-on-chopping-board-flatlay.jpg"}}, {"model": "products.product", "pk": 23, "fields": {"category": 1, "sku": null, "name": "test", "description": "test", "has_sizes": false, "price_per_box": "123.00", "price": "123.00", "rating": "11.78", "image_url": null, "image": ""}}, {"model": "products.product", "pk": 24, "fields": {"category": 1, "sku": "222222", "name": "test2", "description": "test2", "has_sizes": false, "price_per_box": "1234.00", "price": "122.88", "rating": "12.00", "image_url": null, "image": ""}}, {"model": "products.product", "pk": 25, "fields": {"category": 2, "sku": null, "name": "James genius the", "description": "test teto", "has_sizes": false, "price_per_box": "125.00", "price": "126.71", "rating": "1200.00", "image_url": null, "image": "48935111_993087314210190_4964077188732157952_n.jpg"}}, {"model": "checkout.order", "pk": 1, "fields": {"order_number": "A94ABB1F97464D498189C6D43B489B2C", "user_profile": null, "full_name": "James G David", "email": "Jimmygrahamdavid@gmail.com", "phone_number": "01222232424", "country": "United Kingdom", "postcode": "M16 8D", "town_or_city": "Manchester", "street_address1": "7 Russell Road", "street_address2": "hjhuh", "county": "england", "date": "2020-11-11T23:08:53.220Z", "delivery_cost": "0.00", "order_total": "0.00", "grand_total": "0.00", "original_cart": "", "stripe_pid": ""}}, {"model": "checkout.order", "pk": 2, "fields": {"order_number": "83AA9EA74AC74A7BB690D1CCBE7FAD63", "user_profile": null, "full_name": "James G David", "email": "Jimmygrahamdavid@gmail.com", "phone_number": "01222232424", "country": "United Kingdom", "postcode": "M16 8D", "town_or_city": "Manchester", "street_address1": "7 Russell Road", "street_address2": "hjhuh", "county": "england", "date": "2020-11-11T23:15:23.810Z", "delivery_cost": "0.00", "order_total": "0.00", "grand_total": "0.00", "original_cart": "", "stripe_pid": ""}}, {"model": "checkout.order", "pk": 3, "fields": {"order_number": "F4107E41C7E04070B2CD94490C218879", "user_profile": null, "full_name": "James G David", "email": "Jimmygrahamdavid@gmail.com", "phone_number": "01222232424", "country": "United Kingdom", "postcode": "M16 8D", "town_or_city": "Manchester", "street_address1": "7 Russell Road", "street_address2": "hjhuh", "county": "england", "date": "2020-11-11T23:36:25.079Z", "delivery_cost": "0.00", "order_total": "0.00", "grand_total": "0.00", "original_cart": "", "stripe_pid": ""}}, {"model": "checkout.order", "pk": 4, "fields": {"order_number": "FDFE623E38A74FCEAA0F2CDFDB72AA29", "user_profile": null, "full_name": "James G David", "email": "Jimmygrahamdavid@gmail.com", "phone_number": "01222232424", "country": "United Kingdom", "postcode": "M16 8D", "town_or_city": "Manchester", "street_address1": "7 Russell Road", "street_address2": "hjhuh", "county": "england", "date": "2020-11-11T23:40:04.892Z", "delivery_cost": "0.00", "order_total": "0.00", "grand_total": "0.00", "original_cart": "", "stripe_pid": ""}}, {"model": "checkout.order", "pk": 5, "fields": {"order_number": "C285C85CFC69445EAEB91AB0A5BD3305", "user_profile": null, "full_name": "James G David", "email": "Jimmygrahamdavid@gmail.com", "phone_number": "01222232424", "country": "United Kingdom", "postcode": "M16 8D", "town_or_city": "Manchester", "street_address1": "7 Russell Road", "street_address2": "hjhuh", "county": "england", "date": "2020-11-11T23:43:19.108Z", "delivery_cost": "0.00", "order_total": "60.00", "grand_total": "60.00", "original_cart": "", "stripe_pid": ""}}, {"model": "checkout.order", "pk": 6, "fields": {"order_number": "9C81DE60AD274014818E97951BEB6C8F", "user_profile": null, "full_name": "James G David", "email": "Jimmygrahamdavid@gmail.com", "phone_number": "01222232424", "country": "United Kingdom", "postcode": "M16 8D", "town_or_city": "Manchester", "street_address1": "7 Russell Road", "street_address2": "hjhuh", "county": "england", "date": "2020-11-12T00:07:57.313Z", "delivery_cost": "0.00", "order_total": "60.00", "grand_total": "60.00", "original_cart": "", "stripe_pid": ""}}, {"model": "checkout.order", "pk": 7, "fields": {"order_number": "E8446A5933E74CC789F035886C8D5804", "user_profile": null, "full_name": "James G David", "email": "Jimmygrahamdavid@gmail.com", "phone_number": "01222232424", "country": "United Kingdom", "postcode": "M16 8D", "town_or_city": "Manchester", "street_address1": "7 Russell Road", "street_address2": "hjhuh", "county": "england", "date": "2020-11-12T00:09:31.325Z", "delivery_cost": "0.00", "order_total": "60.00", "grand_total": "60.00", "original_cart": "", "stripe_pid": ""}}, {"model": "checkout.order", "pk": 8, "fields": {"order_number": "E92F303C012E4EE3A4937694F39618A1", "user_profile": null, "full_name": "James G David", "email": "Jimmygrahamdavid@gmail.com", "phone_number": "01222232424", "country": "United Kingdom", "postcode": "M16 8D", "town_or_city": "Manchester", "street_address1": "7 Russell Road", "street_address2": "hjhuh", "county": "england", "date": "2020-11-12T00:11:03.377Z", "delivery_cost": "0.00", "order_total": "60.00", "grand_total": "60.00", "original_cart": "", "stripe_pid": ""}}, {"model": "checkout.order", "pk": 9, "fields": {"order_number": "37FD73536FC84576A2DC1A9A63970F4A", "user_profile": null, "full_name": "James G David", "email": "Jimmygrahamdavid@gmail.com", "phone_number": "01222232424", "country": "United Kingdom", "postcode": "M16 8D", "town_or_city": "Manchester", "street_address1": "7 Russell Road", "street_address2": "hjhuh", "county": "england", "date": "2020-11-12T00:21:14.269Z", "delivery_cost": "0.00", "order_total": "0.00", "grand_total": "0.00", "original_cart": "", "stripe_pid": ""}}, {"model": "checkout.order", "pk": 10, "fields": {"order_number": "755648BA5339400C96ECA40DD0FF2D98", "user_profile": null, "full_name": "James G David", "email": "Jimmygrahamdavid@gmail.com", "phone_number": "01222232424", "country": "United Kingdom", "postcode": "M16 8D", "town_or_city": "Manchester", "street_address1": "7 Russell Road", "street_address2": "hjhuh", "county": "england", "date": "2020-11-12T00:25:46.974Z", "delivery_cost": "0.00", "order_total": "0.00", "grand_total": "0.00", "original_cart": "", "stripe_pid": ""}}, {"model": "checkout.order", "pk": 11, "fields": {"order_number": "29144C509E7C4A17AA5AC8C092907696", "user_profile": null, "full_name": "James G David", "email": "Jimmygrahamdavid@gmail.com", "phone_number": "01222232424", "country": "United Kingdom", "postcode": "M16 8D", "town_or_city": "Manchester", "street_address1": "7 Russell Road", "street_address2": "hjhuh", "county": "england", "date": "2020-11-12T00:34:50.765Z", "delivery_cost": "0.00", "order_total": "0.00", "grand_total": "0.00", "original_cart": "", "stripe_pid": ""}}, {"model": "checkout.order", "pk": 12, "fields": {"order_number": "F66F3A92F7C54484BDF5BFE6BE62DF46", "user_profile": null, "full_name": "James G David", "email": "Jimmygrahamdavid@gmail.com", "phone_number": "01222232424", "country": "United Kingdom", "postcode": "M16 8D", "town_or_city": "Manchester", "street_address1": "7 Russell Road", "street_address2": "hjhuh", "county": "england", "date": "2020-11-12T00:36:19.087Z", "delivery_cost": "0.00", "order_total": "0.00", "grand_total": "0.00", "original_cart": "", "stripe_pid": ""}}, {"model": "checkout.order", "pk": 13, "fields": {"order_number": "A18FF7C84591461A9BD446530791D41B", "user_profile": null, "full_name": "test", "email": "test@hotmail.com", "phone_number": "01222232424", "country": "United Kingdom", "postcode": "M16 8DJ", "town_or_city": "Manchester", "street_address1": "7 Russell Road", "street_address2": null, "county": null, "date": "2020-11-12T00:44:14.939Z", "delivery_cost": "0.00", "order_total": "0.00", "grand_total": "0.00", "original_cart": "", "stripe_pid": ""}}, {"model": "checkout.order", "pk": 14, "fields": {"order_number": "42D7ACF44ABC46F196DE17ED9C0C9712", "user_profile": null, "full_name": "James G David", "email": "Jimmygrahamdavid@gmail.com", "phone_number": "01222232424", "country": "United Kingdom", "postcode": "M16 8D", "town_or_city": "Manchester", "street_address1": "7 Russell Road", "street_address2": "hjhuh", "county": "england", "date": "2020-11-12T01:05:50.443Z", "delivery_cost": "0.00", "order_total": "0.00", "grand_total": "0.00", "original_cart": "", "stripe_pid": ""}}, {"model": "checkout.order", "pk": 15, "fields": {"order_number": "79CA58B984B84815BD38BFA34B434A3E", "user_profile": null, "full_name": "James G David", "email": "Jimmygrahamdavid@gmail.com", "phone_number": "01222232424", "country": "United Kingdom", "postcode": "M16 8D", "town_or_city": "Manchester", "street_address1": "7 Russell Road", "street_address2": "hjhuh", "county": "england", "date": "2020-11-12T01:12:51.796Z", "delivery_cost": "1.20", "order_total": "12.00", "grand_total": "13.20", "original_cart": "", "stripe_pid": ""}}, {"model": "checkout.order", "pk": 16, "fields": {"order_number": "E858AD6DF23F48D58594932FF85B6E4F", "user_profile": null, "full_name": "James G David", "email": "Jimmygrahamdavid@gmail.com", "phone_number": "07901738856", "country": "United Kingdom", "postcode": "M1 68D", "town_or_city": "Manchester", "street_address1": "7 Russell Road", "street_address2": "whalley range", "county": "Lancashire", "date": "2020-11-12T12:56:41.306Z", "delivery_cost": "0.00", "order_total": "36.00", "grand_total": "36.00", "original_cart": "", "stripe_pid": ""}}, {"model": "checkout.order", "pk": 17, "fields": {"order_number": "6032A0E4362F44CD947ADEBBA936E7E9", "user_profile": null, "full_name": "James G David", "email": "Jimmygrahamdavid@gmail.com", "phone_number": "01222232424", "country": "US", "postcode": "M16 8D", "town_or_city": "Manchester", "street_address1": "7 Russell Road", "street_address2": "hjhuh", "county": "england", "date": "2020-11-12T22:58:20.564Z", "delivery_cost": "0.00", "order_total": "36.00", "grand_total": "36.00", "original_cart": "", "stripe_pid": ""}}, {"model": "checkout.order", "pk": 18, "fields": {"order_number": "99FB2386F4064B1BA44524252FE1ABE4", "user_profile": null, "full_name": "James G David", "email": "Jimmygrahamdavid@gmail.com", "phone_number": "01222232424", "country": "US", "postcode": "M16 8D", "town_or_city": "Manchester", "street_address1": "7 Russell Road", "street_address2": "hjhuh", "county": "england", "date": "2020-11-12T23:57:17.410Z", "delivery_cost": "0.00", "order_total": "0.00", "grand_total": "0.00", "original_cart": "", "stripe_pid": ""}}, {"model": "checkout.order", "pk": 19, "fields": {"order_number": "D18E421F767D4C50A139043E00166C5A", "user_profile": null, "full_name": "James G David", "email": "Jimmygrahamdavid@gmail.com", "phone_number": "01222232424", "country": "US", "postcode": "M16 8D", "town_or_city": "Manchester", "street_address1": "7 Russell Road", "street_address2": "hjhuh", "county": "england", "date": "2020-11-12T23:59:01.688Z", "delivery_cost": "0.00", "order_total": "0.00", "grand_total": "0.00", "original_cart": "", "stripe_pid": ""}}, {"model": "checkout.order", "pk": 20, "fields": {"order_number": "8342831A8DA0470B8665479B8256A507", "user_profile": null, "full_name": "James G David", "email": "Jimmygrahamdavid@gmail.com", "phone_number": "01222232424", "country": "US", "postcode": "M16 8D", "town_or_city": "Manchester", "street_address1": "7 Russell Road", "street_address2": "hjhuh", "county": "england", "date": "2020-11-13T00:02:24.713Z", "delivery_cost": "1.20", "order_total": "12.00", "grand_total": "13.20", "original_cart": "{\"2\": 1}", "stripe_pid": "pi_1HmpeqIGddYxMsbzJbSKIayI"}}, {"model": "checkout.order", "pk": 21, "fields": {"order_number": "390C403C5DC6498ABBD37C649A09C8B3", "user_profile": null, "full_name": "test", "email": "test@hotmail.com", "phone_number": "01222232424", "country": "US", "postcode": "M16 8DJ", "town_or_city": "Manchester", "street_address1": "7 Russell Road", "street_address2": null, "county": null, "date": "2020-11-13T00:22:39.319Z", "delivery_cost": "1.20", "order_total": "12.00", "grand_total": "13.20", "original_cart": "{\"2\": 1}", "stripe_pid": "pi_1Hmq3WIGddYxMsbzrepIA4v7"}}, {"model": "checkout.order", "pk": 22, "fields": {"order_number": "211ED096939647739E1E8D1BDB7498AC", "user_profile": null, "full_name": "James G David", "email": "Jimmygrahamdavid@gmail.com", "phone_number": "07901738856", "country": "GB", "postcode": "M1 68D", "town_or_city": "Manchester", "street_address1": "7 Russell Road", "street_address2": "whalley range", "county": "Lancashire", "date": "2020-11-13T23:42:05.896Z", "delivery_cost": "1.20", "order_total": "12.00", "grand_total": "13.20", "original_cart": "{\"2\": 1}", "stripe_pid": "pi_1HnBtmIGddYxMsbzoThG41XR"}}, {"model": "checkout.order", "pk": 23, "fields": {"order_number": "F6083D56096943869636ECE59A4FBBCA", "user_profile": null, "full_name": "James G David", "email": "Jimmygrahamdavid@gmail.com", "phone_number": "07901738856", "country": "GB", "postcode": "M1 68D", "town_or_city": "Manchester", "street_address1": "7 Russell Road", "street_address2": "whalley range", "county": "Lancashire", "date": "2020-11-13T23:49:41.817Z", "delivery_cost": "2.40", "order_total": "24.00", "grand_total": "26.40", "original_cart": "{\"2\": 2}", "stripe_pid": "pi_1HnC1EIGddYxMsbz9nuFres8"}}, {"model": "checkout.order", "pk": 24, "fields": {"order_number": "C5B339A00CCE432383F1A32D4990F093", "user_profile": null, "full_name": "James genius", "email": "Jimmygrahamdavid@gmail.com", "phone_number": "01222232424", "country": "GB", "postcode": "M16 8DJ", "town_or_city": "Manchester", "street_address1": "7 Russell Road", "street_address2": null, "county": null, "date": "2020-11-13T23:52:36.335Z", "delivery_cost": "1.20", "order_total": "12.00", "grand_total": "13.20", "original_cart": "{\"2\": 1}", "stripe_pid": "pi_1HnC3xIGddYxMsbzZbeYxCun"}}, {"model": "checkout.order", "pk": 25, "fields": {"order_number": "65BCAB4CB0404B3EB4025445365D9EC3", "user_profile": 1, "full_name": "James G David", "email": "Jimmygrahamdavid@gmail.com", "phone_number": "07901738856", "country": "GB", "postcode": "M1 68D", "town_or_city": "Manchester", "street_address1": "7 Russell Road", "street_address2": "whalley range", "county": "Lancashire", "date": "2020-11-14T00:12:14.623Z", "delivery_cost": "1.20", "order_total": "12.00", "grand_total": "13.20", "original_cart": "{\"2\": 1}", "stripe_pid": "pi_1HnCN3IGddYxMsbz81YrAkpw"}}, {"model": "checkout.order", "pk": 26, "fields": {"order_number": "EEBA64BBF03F48AC84F41F2ABB6DE30F", "user_profile": 1, "full_name": "James G David", "email": "Jimmygrahamdavid@gmail.com", "phone_number": "07901738856", "country": "GB", "postcode": "M1 68D", "town_or_city": "Manchester", "street_address1": "7 Russell Road", "street_address2": "whalley range", "county": "Lancashire", "date": "2020-11-14T00:15:24.324Z", "delivery_cost": "1.20", "order_total": "12.00", "grand_total": "13.20", "original_cart": "{\"2\": 1}", "stripe_pid": "pi_1HnCQ2IGddYxMsbz9zEL7m9b"}}, {"model": "checkout.order", "pk": 27, "fields": {"order_number": "FE17B8A882BE4CB0B5CA41055F5EAB69", "user_profile": 1, "full_name": "test", "email": "jimmygrahamdavid@gmail.com", "phone_number": "07901738856", "country": "UM", "postcode": "M1 68D", "town_or_city": "Manchester", "street_address1": "7 Russell Road", "street_address2": "whalley range", "county": "Lancashire", "date": "2020-11-14T00:26:38.585Z", "delivery_cost": "1.20", "order_total": "12.00", "grand_total": "13.20", "original_cart": "{\"2\": 1}", "stripe_pid": "pi_1HnCapIGddYxMsbzOXYYEYSY"}}, {"model": "checkout.order", "pk": 28, "fields": {"order_number": "3FF9EDB33F8346C094E447630E6B3479", "user_profile": 1, "full_name": "test", "email": "jimmygrahamdavid@gmail.com", "phone_number": "07901738856", "country": "UM", "postcode": "M1 68D", "town_or_city": "Manchester", "street_address1": "7 Russell Road", "street_address2": "whalley range", "county": "Lancashire", "date": "2020-11-14T00:29:43.373Z", "delivery_cost": "1.20", "order_total": "12.00", "grand_total": "13.20", "original_cart": "{\"2\": 1}", "stripe_pid": "pi_1HnCdqIGddYxMsbzdf0v8PuR"}}, {"model": "checkout.order", "pk": 29, "fields": {"order_number": "B97702937F7F44278C254F9BEB34CD05", "user_profile": 1, "full_name": "test", "email": "jimmygrahamdavid@gmail.com", "phone_number": "07901738856", "country": "UM", "postcode": "M1 68D", "town_or_city": "Manchester", "street_address1": "7 Russell Road", "street_address2": "whalley range", "county": "Lancashire", "date": "2020-11-14T00:31:20.520Z", "delivery_cost": "1.20", "order_total": "12.00", "grand_total": "13.20", "original_cart": "{\"2\": 1}", "stripe_pid": "pi_1HnCfSIGddYxMsbzkx1gIC2h"}}, {"model": "checkout.order", "pk": 30, "fields": {"order_number": "5D89FC2EE2624F43AC029198D2AC08FE", "user_profile": null, "full_name": "James G David", "email": "Jimmygrahamdavid@gmail.com", "phone_number": "07901738856", "country": "GB", "postcode": "M1 68D", "town_or_city": "Manchester", "street_address1": "7 Russell Road", "street_address2": "whalley range", "county": "Lancashire", "date": "2020-11-14T00:43:36.717Z", "delivery_cost": "0.00", "order_total": "0.00", "grand_total": "0.00", "original_cart": "{}", "stripe_pid": "pi_1HnBtmIGddYxMsbzoThG41XR"}}, {"model": "checkout.order", "pk": 31, "fields": {"order_number": "4215D96663364D2AB8E67877DE5DCC23", "user_profile": 1, "full_name": "test", "email": "jimmygrahamdavid@gmail.com", "phone_number": "07901738856", "country": "GB", "postcode": "M1 68D", "town_or_city": "Manchester", "street_address1": "7 Russell Road", "street_address2": "whalley range", "county": "Lancashire", "date": "2020-11-14T00:45:10.358Z", "delivery_cost": "1.20", "order_total": "12.00", "grand_total": "13.20", "original_cart": "{\"2\": 1}", "stripe_pid": "pi_1HnCsvIGddYxMsbzCwaWzTlO"}}, {"model": "checkout.order", "pk": 32, "fields": {"order_number": "8D272DD0AA8641FCAE8FC0D3949CCE7E", "user_profile": null, "full_name": "James G David", "email": "Jimmygrahamdavid@gmail.com", "phone_number": "07901738856", "country": "GB", "postcode": "M1 68D", "town_or_city": "Manchester", "street_address1": "7 Russell Road", "street_address2": "whalley range", "county": "Lancashire", "date": "2020-11-14T00:50:10.982Z", "delivery_cost": "0.00", "order_total": "0.00", "grand_total": "0.00", "original_cart": "{}", "stripe_pid": "pi_1HnC1EIGddYxMsbz9nuFres8"}}, {"model": "checkout.order", "pk": 33, "fields": {"order_number": "723587C55A9B4FBFB6907991DAE82A4C", "user_profile": null, "full_name": "James genius", "email": "Jimmygrahamdavid@gmail.com", "phone_number": "01222232424", "country": "GB", "postcode": "M16 8DJ", "town_or_city": "Manchester", "street_address1": "7 Russell Road", "street_address2": null, "county": null, "date": "2020-11-14T00:53:49.795Z", "delivery_cost": "0.00", "order_total": "0.00", "grand_total": "0.00", "original_cart": "{}", "stripe_pid": "pi_1HnC3xIGddYxMsbzZbeYxCun"}}, {"model": "checkout.order", "pk": 34, "fields": {"order_number": "F5EA9966D0344099A4090C4572879833", "user_profile": null, "full_name": "James G David", "email": "Jimmygrahamdavid@gmail.com", "phone_number": "07901738856", "country": "GB", "postcode": "M1 68D", "town_or_city": "Manchester", "street_address1": "7 Russell Road", "street_address2": "whalley range", "county": "Lancashire", "date": "2020-11-14T01:11:48.370Z", "delivery_cost": "0.00", "order_total": "0.00", "grand_total": "0.00", "original_cart": "{}", "stripe_pid": "pi_1HnCN3IGddYxMsbz81YrAkpw"}}, {"model": "checkout.order", "pk": 35, "fields": {"order_number": "7781626FD7B345E991D07FFA6749249D", "user_profile": null, "full_name": "James G David", "email": "Jimmygrahamdavid@gmail.com", "phone_number": "07901738856", "country": "GB", "postcode": "M1 68D", "town_or_city": "Manchester", "street_address1": "7 Russell Road", "street_address2": "whalley range", "county": "Lancashire", "date": "2020-11-14T01:15:12.467Z", "delivery_cost": "0.00", "order_total": "0.00", "grand_total": "0.00", "original_cart": "{}", "stripe_pid": "pi_1HnCQ2IGddYxMsbz9zEL7m9b"}}, {"model": "checkout.order", "pk": 36, "fields": {"order_number": "220E50031D474557BD7A355B5CDF206D", "user_profile": null, "full_name": "test", "email": "jimmygrahamdavid@gmail.com", "phone_number": "07901738856", "country": "UM", "postcode": "M1 68D", "town_or_city": "Manchester", "street_address1": "7 Russell Road", "street_address2": "whalley range", "county": "Lancashire", "date": "2020-11-14T01:26:13.228Z", "delivery_cost": "0.00", "order_total": "0.00", "grand_total": "0.00", "original_cart": "{}", "stripe_pid": "pi_1HnCapIGddYxMsbzOXYYEYSY"}}, {"model": "checkout.order", "pk": 37, "fields": {"order_number": "87913985181E42249A1C7F3F95033A42", "user_profile": null, "full_name": "James G David", "email": "Jimmygrahamdavid@gmail.com", "phone_number": "07901738856", "country": "GB", "postcode": "M1 68D", "town_or_city": "Manchester", "street_address1": "7 Russell Road, whalley range, false", "street_address2": "whalley range", "county": "Lancashire", "date": "2020-11-19T18:16:33.641Z", "delivery_cost": "1.20", "order_total": "12.00", "grand_total": "13.20", "original_cart": "{\"2\": 1}", "stripe_pid": "pi_1HpHg5IGddYxMsbz96kASbDr"}}, {"model": "checkout.order", "pk": 38, "fields": {"order_number": "BD04C6C1F03446F6A6E8C3FFFC8676A7", "user_profile": null, "full_name": "James G David", "email": "Jimmygrahamdavid@gmail.com", "phone_number": "01222232424", "country": "GB", "postcode": "M16 8D", "town_or_city": "Manchester", "street_address1": "7 Russell Road, hjhuh", "street_address2": "hjhuh", "county": "england", "date": "2020-11-19T20:42:25.593Z", "delivery_cost": "1.20", "order_total": "12.00", "grand_total": "13.20", "original_cart": "{\"2\": 1}", "stripe_pid": "pi_1HpJxEIGddYxMsbzSw5j9aoS"}}, {"model": "checkout.order", "pk": 39, "fields": {"order_number": "3E13AEF225D74FEFB2A8F012CAE04E26", "user_profile": null, "full_name": "James G David", "email": "Jimmygrahamdavid@gmail.com", "phone_number": "01222232424", "country": "GB", "postcode": "M16 8D", "town_or_city": "Manchester", "street_address1": "7 Russell Road, hjhuh", "street_address2": "hjhuh", "county": "england", "date": "2020-11-19T20:59:51.673Z", "delivery_cost": "1.20", "order_total": "12.00", "grand_total": "13.20", "original_cart": "{\"2\": 1}", "stripe_pid": "pi_1HpKEAIGddYxMsbzYN7dff6o"}}, {"model": "checkout.order", "pk": 41, "fields": {"order_number": "381522BC6C254886BF3588A509FBA090", "user_profile": 1, "full_name": "jimbo", "email": "jimmygrahamdavid@gmail.com", "phone_number": "07901738856", "country": "UM", "postcode": "M1 68D", "town_or_city": "Manchester", "street_address1": "7 Russell Road", "street_address2": "whalley range", "county": "Lancashire", "date": "2020-11-21T11:42:31.313Z", "delivery_cost": "2.20", "order_total": "22.00", "grand_total": "24.20", "original_cart": "{\"9\": 1}", "stripe_pid": "pi_1HpuTXIGddYxMsbzdtEoPABF"}}, {"model": "checkout.order", "pk": 43, "fields": {"order_number": "2A09EC3475A14F11AEDA28430BDCFF31", "user_profile": 1, "full_name": "James G David", "email": "Jimmygrahamdavid@gmail.com", "phone_number": "01222232424", "country": "GB", "postcode": "M16 8D", "town_or_city": "Manchester", "street_address1": "7 Russell Road, hjhuh, hjhuh", "street_address2": "hjhuh", "county": "england", "date": "2020-11-21T11:43:07.894Z", "delivery_cost": "2.20", "order_total": "22.00", "grand_total": "24.20", "original_cart": "{\"9\": 1}", "stripe_pid": "pi_1HpuUNIGddYxMsbzJZb8usnQ"}}, {"model": "checkout.order", "pk": 45, "fields": {"order_number": "36DE74CE00CE4DAAA2B91A990B2AAC54", "user_profile": 1, "full_name": "test", "email": "test@hotmail.com", "phone_number": "01222232424", "country": "GB", "postcode": "M16 8DJ", "town_or_city": "Manchester", "street_address1": "7 Russell Road", "street_address2": "hjhuh", "county": "england", "date": "2020-11-21T11:43:53.827Z", "delivery_cost": "2.20", "order_total": "22.00", "grand_total": "24.20", "original_cart": "{\"9\": 1}", "stripe_pid": "pi_1HpuV7IGddYxMsbzTmH9l6fH"}}, {"model": "checkout.order", "pk": 46, "fields": {"order_number": "D2C2AA2608184B0199BA9BD847EBE198", "user_profile": 1, "full_name": "Janette", "email": "jan33@talktalk.net", "phone_number": "01222232424", "country": "GB", "postcode": "yo140py", "town_or_city": "British", "street_address1": "33", "street_address2": "hjhuh", "county": "england", "date": "2020-11-21T11:49:49.613Z", "delivery_cost": "2.20", "order_total": "22.00", "grand_total": "24.20", "original_cart": "{\"9\": 1}", "stripe_pid": "pi_1HpuaqIGddYxMsbzbJ0qNDzz"}}, {"model": "checkout.order", "pk": 47, "fields": {"order_number": "213421662EDC4C64A1699C25B3071576", "user_profile": null, "full_name": "jimmy", "email": "jdjsdgh@yo.com", "phone_number": "123456", "country": "AF", "postcode": "mn2", "town_or_city": "sdf", "street_address1": "34 you who face", "street_address2": null, "county": null, "date": "2020-11-22T22:48:22.137Z", "delivery_cost": "0.00", "order_total": "34.00", "grand_total": "34.00", "original_cart": "{\"1\": 1, \"2\": 1}", "stripe_pid": "pi_1HqRFjIGddYxMsbz2QSY0FvM"}}, {"model": "checkout.order", "pk": 48, "fields": {"order_number": "5977DAEF6817440D81F1F88CF3BA803C", "user_profile": null, "full_name": "James G David", "email": "Jimmygrahamdavid@gmail.com", "phone_number": "07901738856", "country": "AL", "postcode": "M16 8D", "town_or_city": "Manchester", "street_address1": "7 Russell Road", "street_address2": null, "county": "england", "date": "2020-11-22T23:04:07.068Z", "delivery_cost": "1.70", "order_total": "17.00", "grand_total": "18.70", "original_cart": "{\"10\": 1}", "stripe_pid": "pi_1HqRawIGddYxMsbzSMmO4Gx0"}}, {"model": "checkout.order", "pk": 49, "fields": {"order_number": "9509F8E1427242EE801803CBDD5FC9C6", "user_profile": 1, "full_name": "test", "email": "test@hotmail.com", "phone_number": "01222232424", "country": "GB", "postcode": "yo140py", "town_or_city": "British", "street_address1": "33", "street_address2": "hjhuh", "county": "england", "date": "2020-11-23T01:33:50.609Z", "delivery_cost": "1.50", "order_total": "15.00", "grand_total": "16.50", "original_cart": "{\"7\": 1}", "stripe_pid": "pi_1HqTvUIGddYxMsbzaJ12Ptor"}}, {"model": "checkout.order", "pk": 50, "fields": {"order_number": "90F42A2139D64D9AB908F1F52B384231", "user_profile": 1, "full_name": "Jimmy", "email": "Jimmygrahamdavid@gmail.com", "phone_number": "07901738856", "country": "GB", "postcode": "M1 68D", "town_or_city": "Manchester", "street_address1": "7 Russell Road, whalley range, false, whalley range", "street_address2": "whalley range", "county": "Lancashire", "date": "2020-11-23T01:34:52.715Z", "delivery_cost": "1.50", "order_total": "15.00", "grand_total": "16.50", "original_cart": "{\"8\": 1}", "stripe_pid": "pi_1HqTwbIGddYxMsbzOV1tOMtY"}}, {"model": "checkout.order", "pk": 51, "fields": {"order_number": "F69AE04EF6B349FA9291011F45A6D5F5", "user_profile": 6, "full_name": "Jimbob", "email": "Jimmygrahamdavid@gmail.com", "phone_number": "07901738856", "country": "BR", "postcode": "m21 3eh", "town_or_city": "over hurrrr", "street_address1": "12 howard st", "street_address2": null, "county": "count me in", "date": "2020-11-23T01:48:42.604Z", "delivery_cost": "2.20", "order_total": "22.00", "grand_total": "24.20", "original_cart": "{\"2\": 1}", "stripe_pid": "pi_1HqU9MIGddYxMsbze4DQsv47"}}, {"model": "checkout.order", "pk": 52, "fields": {"order_number": "B145276153474D45AE7CB8CDFE00EBC2", "user_profile": 6, "full_name": "jimmmo", "email": "testy@hotmail.com", "phone_number": "07901738856", "country": "BG", "postcode": "m21 3eh", "town_or_city": "over hurrrr", "street_address1": "45 howard st", "street_address2": null, "county": "count me in", "date": "2020-11-23T01:58:33.319Z", "delivery_cost": "2.20", "order_total": "22.00", "grand_total": "24.20", "original_cart": "{\"2\": 1}", "stripe_pid": "pi_1HqUAtIGddYxMsbzrKEFuqIl"}}, {"model": "checkout.order", "pk": 53, "fields": {"order_number": "9277F610301B432BA3C3B81FE01CC049", "user_profile": 1, "full_name": "James G David", "email": "Jimmygrahamdavid@gmail.com", "phone_number": "01222232424", "country": "GB", "postcode": "M16 8D", "town_or_city": "Manchester", "street_address1": "7 Russell Road, hjhuh, hjhuh", "street_address2": "hjhuh", "county": "england", "date": "2020-11-24T09:14:39.364Z", "delivery_cost": "0.00", "order_total": "126.71", "grand_total": "126.71", "original_cart": "{\"25\": 1}", "stripe_pid": "pi_1HqxbPIGddYxMsbziMZZRAw3"}}, {"model": "checkout.orderlineitem", "pk": 1, "fields": {"order": 2, "product": 2, "quantity": 2, "lineitem_total": "24.00"}}, {"model": "checkout.orderlineitem", "pk": 2, "fields": {"order": 3, "product": 2, "quantity": 2, "lineitem_total": "24.00"}}, {"model": "checkout.orderlineitem", "pk": 3, "fields": {"order": 4, "product": 2, "quantity": 5, "lineitem_total": "60.00"}}, {"model": "checkout.orderlineitem", "pk": 4, "fields": {"order": 5, "product": 2, "quantity": 5, "lineitem_total": "60.00"}}, {"model": "checkout.orderlineitem", "pk": 5, "fields": {"order": 6, "product": 2, "quantity": 5, "lineitem_total": "60.00"}}, {"model": "checkout.orderlineitem", "pk": 6, "fields": {"order": 7, "product": 2, "quantity": 5, "lineitem_total": "60.00"}}, {"model": "checkout.orderlineitem", "pk": 7, "fields": {"order": 8, "product": 2, "quantity": 5, "lineitem_total": "60.00"}}, {"model": "checkout.orderlineitem", "pk": 8, "fields": {"order": 15, "product": 2, "quantity": 1, "lineitem_total": "12.00"}}, {"model": "checkout.orderlineitem", "pk": 9, "fields": {"order": 16, "product": 2, "quantity": 3, "lineitem_total": "36.00"}}, {"model": "checkout.orderlineitem", "pk": 10, "fields": {"order": 17, "product": 2, "quantity": 3, "lineitem_total": "36.00"}}, {"model": "checkout.orderlineitem", "pk": 11, "fields": {"order": 20, "product": 2, "quantity": 1, "lineitem_total": "12.00"}}, {"model": "checkout.orderlineitem", "pk": 12, "fields": {"order": 21, "product": 2, "quantity": 1, "lineitem_total": "12.00"}}, {"model": "checkout.orderlineitem", "pk": 13, "fields": {"order": 22, "product": 2, "quantity": 1, "lineitem_total": "12.00"}}, {"model": "checkout.orderlineitem", "pk": 14, "fields": {"order": 23, "product": 2, "quantity": 2, "lineitem_total": "24.00"}}, {"model": "checkout.orderlineitem", "pk": 15, "fields": {"order": 24, "product": 2, "quantity": 1, "lineitem_total": "12.00"}}, {"model": "checkout.orderlineitem", "pk": 16, "fields": {"order": 25, "product": 2, "quantity": 1, "lineitem_total": "12.00"}}, {"model": "checkout.orderlineitem", "pk": 17, "fields": {"order": 26, "product": 2, "quantity": 1, "lineitem_total": "12.00"}}, {"model": "checkout.orderlineitem", "pk": 18, "fields": {"order": 27, "product": 2, "quantity": 1, "lineitem_total": "12.00"}}, {"model": "checkout.orderlineitem", "pk": 19, "fields": {"order": 28, "product": 2, "quantity": 1, "lineitem_total": "12.00"}}, {"model": "checkout.orderlineitem", "pk": 20, "fields": {"order": 29, "product": 2, "quantity": 1, "lineitem_total": "12.00"}}, {"model": "checkout.orderlineitem", "pk": 21, "fields": {"order": 31, "product": 2, "quantity": 1, "lineitem_total": "12.00"}}, {"model": "checkout.orderlineitem", "pk": 22, "fields": {"order": 37, "product": 2, "quantity": 1, "lineitem_total": "12.00"}}, {"model": "checkout.orderlineitem", "pk": 23, "fields": {"order": 38, "product": 2, "quantity": 1, "lineitem_total": "12.00"}}, {"model": "checkout.orderlineitem", "pk": 24, "fields": {"order": 39, "product": 2, "quantity": 1, "lineitem_total": "12.00"}}, {"model": "checkout.orderlineitem", "pk": 25, "fields": {"order": 41, "product": 9, "quantity": 1, "lineitem_total": "22.00"}}, {"model": "checkout.orderlineitem", "pk": 26, "fields": {"order": 43, "product": 9, "quantity": 1, "lineitem_total": "22.00"}}, {"model": "checkout.orderlineitem", "pk": 27, "fields": {"order": 45, "product": 9, "quantity": 1, "lineitem_total": "22.00"}}, {"model": "checkout.orderlineitem", "pk": 28, "fields": {"order": 46, "product": 9, "quantity": 1, "lineitem_total": "22.00"}}, {"model": "checkout.orderlineitem", "pk": 29, "fields": {"order": 47, "product": 1, "quantity": 1, "lineitem_total": "12.00"}}, {"model": "checkout.orderlineitem", "pk": 30, "fields": {"order": 47, "product": 2, "quantity": 1, "lineitem_total": "22.00"}}, {"model": "checkout.orderlineitem", "pk": 31, "fields": {"order": 48, "product": 10, "quantity": 1, "lineitem_total": "17.00"}}, {"model": "checkout.orderlineitem", "pk": 32, "fields": {"order": 49, "product": 7, "quantity": 1, "lineitem_total": "15.00"}}, {"model": "checkout.orderlineitem", "pk": 33, "fields": {"order": 50, "product": 8, "quantity": 1, "lineitem_total": "15.00"}}, {"model": "checkout.orderlineitem", "pk": 34, "fields": {"order": 51, "product": 2, "quantity": 1, "lineitem_total": "22.00"}}, {"model": "checkout.orderlineitem", "pk": 35, "fields": {"order": 52, "product": 2, "quantity": 1, "lineitem_total": "22.00"}}, {"model": "checkout.orderlineitem", "pk": 36, "fields": {"order": 53, "product": 25, "quantity": 1, "lineitem_total": "126.71"}}, {"model": "profiles.userprofile", "pk": 1, "fields": {"user": 1, "default_phone_number": "01222232424", "default_street_address1": "7 Russell Road, hjhuh, hjhuh", "default_street_address2": "hjhuh", "default_town_or_city": "Manchester", "default_county": "england", "default_postcode": "M16 8D", "default_country": "GB"}}, {"model": "profiles.userprofile", "pk": 2, "fields": {"user": 2, "default_phone_number": null, "default_street_address1": null, "default_street_address2": null, "default_town_or_city": null, "default_county": null, "default_postcode": null, "default_country": null}}, {"model": "profiles.userprofile", "pk": 3, "fields": {"user": 3, "default_phone_number": null, "default_street_address1": null, "default_street_address2": null, "default_town_or_city": null, "default_county": null, "default_postcode": null, "default_country": null}}, {"model": "profiles.userprofile", "pk": 4, "fields": {"user": 4, "default_phone_number": null, "default_street_address1": null, "default_street_address2": null, "default_town_or_city": null, "default_county": null, "default_postcode": null, "default_country": null}}, {"model": "profiles.userprofile", "pk": 5, "fields": {"user": 5, "default_phone_number": null, "default_street_address1": null, "default_street_address2": null, "default_town_or_city": null, "default_county": null, "default_postcode": null, "default_country": null}}, {"model": "profiles.userprofile", "pk": 6, "fields": {"user": 6, "default_phone_number": "07901738856", "default_street_address1": "45 howard st", "default_street_address2": null, "default_town_or_city": "over thurrrrt", "default_county": "count me in", "default_postcode": "m21 3eh", "default_country": "BN"}}, {"model": "profiles.userprofile", "pk": 7, "fields": {"user": 7, "default_phone_number": null, "default_street_address1": null, "default_street_address2": null, "default_town_or_city": null, "default_county": null, "default_postcode": null, "default_country": null}}, {"model": "subscriptions.subscriptions", "pk": 1, "fields": {"name": "Winter Subscription", "description": "Just because the temps drop and the days grow shorter doesn't mean that fruits and vegetables stop growing. Cold weather crops, the use of hoop houses and other methods that extend the natural growing season, and old-fashioned storage vegetables like cabbages and potatoes, all mean that there are plenty of winter fruits and vegetables to choose from across most of the country.\r\n\r\n\r\nFor the best flavor—and greatest value—while shopping at farmers markets and in produce departments, look for the winter fruits and vegetables that are in season. Specific crops and harvest dates will depend on your region's climate, and most of the produce (beyond root vegetables) are only available locally in regions that enjoy a more temperate climate.", "price": "120.00", "price_per_box": "10.00", "months": "December, January, February", "fruit": "Apples,\r\nPears\r\nCranberries,\r\nPears,", "vegetables": "Beetroot, Brussels Sprouts, Cabbage, Carrots, Celeriac, Celery, Chicory, Jerusalem Artichokes, Kale, Leeks, Mushrooms, Onions, Parsnips, Pears, Shallots, Spring Greens, Spring Onions, Squash, Swedes, Turnips.\r\n, Purple Sprouting Broccoli\r\nChestnuts, Potatoes, Pumpkin, Red Cabbage, Swiss Chard, Watercress, Winter Squash.", "image_url": "https://unsplash.com/photos/PKAW8MQYlU8", "image": "douglas-fir_ip5fBfr.jpg"}}, {"model": "subscriptions.subscriptions", "pk": 2, "fields": {"name": "Spring subscription", "description": "Spring in Britain is not what you might expect – there is no new overflowing bounty. Rather, this is the period when the winter crops of cabbage and kale have bolted and the stores of potatoes, onions and roots are running out. Spring vegetables have only just been sown and won’t be ready to harvest until May and June. We call this the ‘hungry gap’ and it comprises the better part of spring. Most of us are blissfully unaware of it because the supermarkets do such a great job of supplying us with cheap and abundant fresh produce all year round. So much so, that seasons hardly seem to matter.", "price": "120.00", "price_per_box": "12.00", "months": "March, April, May", "fruit": "Strawberries\r\nRhubarb\r\nElderflowers,", "vegetables": "Artichoke,  Asparagus, Aubergine,  Beetroot, Cabbage, Carrots, Chicory, Cucumber, Chillies, Lettuce, Leeks, Marrow New Potatoes, Kale, Morel Mushrooms, Parsnip, Peas, Peppers,  Purple Sprouting Broccoli, Radishes, , Rocket, Samphire,  Savoy  Sorrel, Spinach Spring Greens, Spring Onions, Watercress. Wild Nettles", "image_url": null, "image": "spring-tree_el5QiB2.jpeg"}}, {"model": "subscriptions.subscriptions", "pk": 3, "fields": {"name": "Summer Subscription", "description": "The window of opportunity is small when it comes to British summer fruits, and that’s before we even begin to talk about the fleeting weather that is here one minute, gone the next.\r\nWith changeable seasons and disruptive UK weather, there’s no guaranteed time when fruits will be in their prime and it takes great farmers, accurate buying and speedy delivery to ensure our customers get what’s ripe, juicy and intensely flavourful at exactly the right time.", "price": "120.00", "price_per_box": "10.00", "months": "June,  July,  August", "fruit": "Blackberries\r\nBlackcurrants,\r\nBlueberries\r\nCherries,\r\nDamsons,\r\nElderflowers,\r\n Gooseberries,\r\nGreengages,\r\nLoganberries\r\nRaspberries, \r\nRedcurrants, \r\nRhubarb,\r\nStrawberries,", "vegetables": "Asparagus, Aubergine, Beetroot, Broad Beans, Broccoli, Carrots,  Cauliflower, Chicory, Chillies, Courgettes, Cucumber, Fennel, French Beans, Garlic,  Kohlrabi Lettuce, Leeks, Mangetout, Marrow,  Mushrooms, New Potatoes, Peas, Parsnips Peppers, Potatoes,  Radishes, Rocket, Runner Beans, Samphire, Sorrel, Spring Greens, Spring Onions, Summer Squash, Swiss Chard, Sweetcorn, Tayberries, Turnips,  Tomatoes Watercress.", "image_url": null, "image": "pineapple-pool_YDf9f17.jpeg"}}, {"model": "subscriptions.subscriptions", "pk": 4, "fields": {"name": "Autumn Subscription", "description": "From September to November, the autumn harvest brings a variety of healthful and delicious produce, from squash and sweet potatoes to apples and pears.\r\n\r\nWhile almost all produce can be grown somewhere year-round, trucking produce across the country (or across the world) isn’t easy. Buying local seasonal produce not only potentially reduces our carbon footprint and helps local economies, but it may also result in more nutritious produce.", "price": "120.00", "price_per_box": "12.00", "months": "September,  October, November", "fruit": "Apples,\r\nBlackberries\r\nDamsons,\r\nElderberries,\r\nPears,\r\nPlums\r\n Raspberries,\r\nStrawberries,", "vegetables": "Aubergine, Beetroot, Broccoli, Brussels Sprouts, Butternut Squash, Cabbage, Carrots, Cauliflower, Celery, Courgettes, Chicory, Chestnuts, Chillies, Cucumber, Garlic, Kale, Kohlrabi, Leeks, Lettuce, Mangetout, Marrow, Onions, Parsnips, Peas, Peppers, , Potatoes, Pumpkin, Radishes Rhubarb, Rocket, Runner Beans, Samphire, Sorrel, Spinach, Spring Greens, Spring Onions, Summer Squash, Sweetcorn, Swiss Chard, Tomatoes, Turnips, Watercress, Wild Mushrooms, Winter Squash", "image_url": null, "image": "autumn-leaf.jpeg"}}, {"model": "subscriptions.size", "pk": 1, "fields": {"name": "Single", "price": "120.00", "price_per_box": "10.00", "description": "Perfect amount of fresh fruit and veggies to keep a one person eating healthy!"}}, {"model": "subscriptions.size", "pk": 2, "fields": {"name": "Double", "price": "180.00", "price_per_box": "15.00", "description": "Just enough fresh fruit and veggies to sustain a couples healthy lifestyle!"}}, {"model": "subscriptions.size", "pk": 3, "fields": {"name": "Family Winter Box", "price": "240.00", "price_per_box": "20.00", "description": "Great for keeping the whole family healthy in fresh fruit and veg!"}}]